2026-09-25 22:11:29,984 - freqtrade - INFO - freqtrade 2026.8
2026-09-25 22:11:29,985 - freqtrade.configuration.load_config - INFO - Using config: /study/config.json ...
2026-09-25 22:11:29,987 - freqtrade.loggers - INFO - Enabling colorized output.
2026-09-25 22:11:29,987 - freqtrade.loggers - INFO - Logfile configured
2026-09-25 22:11:29,988 - freqtrade.loggers - INFO - Verbosity set to 0
2026-09-25 22:11:29,988 - freqtrade.configuration.configuration - INFO - Using additional Strategy lookup path: /study/sources/modified
2026-09-25 22:11:29,988 - freqtrade.configuration.configuration - INFO - Using max_open_trades: 6 ...
2026-09-25 22:11:29,989 - freqtrade.configuration.configuration - INFO - Parameter --timerange detected: 20260101-20260806 ...
2026-09-25 22:11:30,011 - freqtrade.configuration.configuration - INFO - Using user-data directory: /study/execution/modified ...
2026-09-25 22:11:30,012 - freqtrade.configuration.configuration - INFO - Using data directory: /market-data ...
2026-09-25 22:11:30,012 - freqtrade.configuration.configuration - INFO - Parameter --export detected: signals ...
2026-09-25 22:11:30,012 - freqtrade.configuration.configuration - INFO - Parameter --cache=none detected ...
2026-09-25 22:11:30,013 - freqtrade.configuration.configuration - INFO - Filter trades by timerange: 20260101-20260806
2026-09-25 22:11:30,014 - freqtrade.exchange.check_exchange - INFO - Checking exchange...
2026-09-25 22:11:30,023 - freqtrade.exchange.check_exchange - INFO - Exchange "binance" is officially supported by the Freqtrade development team.
2026-09-25 22:11:30,024 - freqtrade.configuration.configuration - INFO - Using pairlist from configuration.
2026-09-25 22:11:30,024 - freqtrade.configuration.config_validation - INFO - Validating configuration ...
2026-09-25 22:11:30,026 - freqtrade.commands.optimize_commands - INFO - Starting freqtrade in Backtesting mode
2026-09-25 22:11:30,027 - freqtrade.exchange.exchange - INFO - Instance is running with dry_run enabled
2026-09-25 22:11:30,027 - freqtrade.exchange.exchange - INFO - Using CCXT 4.5.76
2026-09-25 22:11:30,028 - freqtrade.exchange.exchange - INFO - Applying additional ccxt config: {'options': {'defaultType': 'swap'}}
2026-09-25 22:11:30,037 - freqtrade.exchange.exchange - INFO - Applying additional ccxt config: {'options': {'defaultType': 'swap'}}
2026-09-25 22:11:30,046 - freqtrade.exchange.exchange - INFO - Using Exchange "Binance"
2026-09-25 22:11:30,978 - freqtrade.resolvers.exchange_resolver - INFO - Using resolved exchange class 'Binance' ...
2026-09-25 22:11:31,824 - freqtrade.resolvers.iresolver - INFO - Using resolved strategy NostalgiaForInfinityX8 from '/study/sources/modified/NostalgiaForInfinityX8.py'...
2026-09-25 22:11:31,825 - freqtrade.strategy.hyper - INFO - Found no parameter file.
2026-09-25 22:11:31,826 - NostalgiaForInfinityX8 - INFO - Parameter num_cores_indicators_calc changed from "0" to "1".
2026-09-25 22:11:31,826 - freqtrade.resolvers.strategy_resolver - INFO - Override strategy 'timeframe' with value from the configuration: 5m.
2026-09-25 22:11:31,827 - freqtrade.resolvers.strategy_resolver - INFO - Override strategy 'stake_currency' with value from the configuration: USDT.
2026-09-25 22:11:31,827 - freqtrade.resolvers.strategy_resolver - INFO - Override strategy 'stake_amount' with value from the configuration: unlimited.
2026-09-25 22:11:31,827 - freqtrade.resolvers.strategy_resolver - INFO - Override strategy 'unfilledtimeout' with value from the configuration: {'entry': 10, 'exit': 10, 'exit_timeout_count': 0, 
'unit': 'minutes'}.
2026-09-25 22:11:31,828 - freqtrade.resolvers.strategy_resolver - INFO - Override strategy 'use_exit_signal' with value from the configuration: True.
2026-09-25 22:11:31,828 - freqtrade.resolvers.strategy_resolver - INFO - Override strategy 'exit_profit_only' with value from the configuration: False.
2026-09-25 22:11:31,828 - freqtrade.resolvers.strategy_resolver - INFO - Override strategy 'ignore_roi_if_entry_signal' with value from the configuration: True.
2026-09-25 22:11:31,828 - freqtrade.resolvers.strategy_resolver - INFO - Override strategy 'max_open_trades' with value from the configuration: 6.
2026-09-25 22:11:31,829 - freqtrade.resolvers.strategy_resolver - INFO - Strategy using minimal_roi: {}
2026-09-25 22:11:31,829 - freqtrade.resolvers.strategy_resolver - INFO - Strategy using timeframe: 5m
2026-09-25 22:11:31,829 - freqtrade.resolvers.strategy_resolver - INFO - Strategy using stoploss: -0.99
2026-09-25 22:11:31,829 - freqtrade.resolvers.strategy_resolver - INFO - Strategy using trailing_stop: False
2026-09-25 22:11:31,830 - freqtrade.resolvers.strategy_resolver - INFO - Strategy using trailing_stop_positive: 0.01
2026-09-25 22:11:31,830 - freqtrade.resolvers.strategy_resolver - INFO - Strategy using trailing_stop_positive_offset: 0.03
2026-09-25 22:11:31,830 - freqtrade.resolvers.strategy_resolver - INFO - Strategy using trailing_only_offset_is_reached: True
2026-09-25 22:11:31,830 - freqtrade.resolvers.strategy_resolver - INFO - Strategy using use_custom_stoploss: False
2026-09-25 22:11:31,831 - freqtrade.resolvers.strategy_resolver - INFO - Strategy using process_only_new_candles: True
2026-09-25 22:11:31,831 - freqtrade.resolvers.strategy_resolver - INFO - Strategy using order_types: {'entry': 'limit', 'exit': 'limit', 'stoploss': 'limit', 'stoploss_on_exchange': False, 
'stoploss_on_exchange_interval': 60}
2026-09-25 22:11:31,831 - freqtrade.resolvers.strategy_resolver - INFO - Strategy using order_time_in_force: {'entry': 'GTC', 'exit': 'GTC'}
2026-09-25 22:11:31,832 - freqtrade.resolvers.strategy_resolver - INFO - Strategy using stake_currency: USDT
2026-09-25 22:11:31,832 - freqtrade.resolvers.strategy_resolver - INFO - Strategy using stake_amount: unlimited
2026-09-25 22:11:31,832 - freqtrade.resolvers.strategy_resolver - INFO - Strategy using startup_candle_count: 800
2026-09-25 22:11:31,832 - freqtrade.resolvers.strategy_resolver - INFO - Strategy using unfilledtimeout: {'entry': 10, 'exit': 10, 'exit_timeout_count': 0, 'unit': 'minutes'}
2026-09-25 22:11:31,833 - freqtrade.resolvers.strategy_resolver - INFO - Strategy using use_exit_signal: True
2026-09-25 22:11:31,833 - freqtrade.resolvers.strategy_resolver - INFO - Strategy using exit_profit_only: False
2026-09-25 22:11:31,833 - freqtrade.resolvers.strategy_resolver - INFO - Strategy using ignore_roi_if_entry_signal: True
2026-09-25 22:11:31,833 - freqtrade.resolvers.strategy_resolver - INFO - Strategy using exit_profit_offset: 0.0
2026-09-25 22:11:31,834 - freqtrade.resolvers.strategy_resolver - INFO - Strategy using disable_dataframe_checks: False
2026-09-25 22:11:31,834 - freqtrade.resolvers.strategy_resolver - INFO - Strategy using ignore_buying_expired_candle_after: 0
2026-09-25 22:11:31,834 - freqtrade.resolvers.strategy_resolver - INFO - Strategy using position_adjustment_enable: True
2026-09-25 22:11:31,834 - freqtrade.resolvers.strategy_resolver - INFO - Strategy using max_entry_position_adjustment: -1
2026-09-25 22:11:31,834 - freqtrade.resolvers.strategy_resolver - INFO - Strategy using max_open_trades: 6
2026-09-25 22:11:31,835 - freqtrade.configuration.config_validation - INFO - Validating configuration ...
2026-09-25 22:11:31,841 - freqtrade.resolvers.iresolver - INFO - Using resolved pairlist StaticPairList from '/freqtrade/freqtrade/plugins/pairlist/StaticPairList.py'...
2026-09-25 22:11:31,850 - freqtrade.optimize.backtesting - INFO - Using fee 0.0500% from config.
2026-09-25 22:11:31,850 - freqtrade.exchange.exchange - WARNING - Using 2 calls to get OHLCV. This can result in slower operations for the bot. Please check if you really need 800 candles for your 
strategy.
2026-09-25 22:11:32,905 - freqtrade.optimize.backtesting - INFO - Loading data from 2025-12-29 05:20:00 up to 2026-08-06 00:00:00 (219 days).
2026-09-25 22:11:44,626 - freqtrade.optimize.backtesting - INFO - Dataload complete. Calculating indicators
2026-09-25 22:11:44,629 - freqtrade.optimize.backtesting - INFO - Running backtesting for Strategy NostalgiaForInfinityX8
2026-09-25 22:11:44,638 - freqtrade.data.dataprovider - INFO - Loading data for BTC/USDT:USDT 4h from 2025-08-20 16:00:00 to 2026-08-06 00:00:00
2026-09-25 22:11:44,667 - freqtrade.data.dataprovider - INFO - Loading data for BTC/USDT:USDT 15m from 2025-12-23 16:00:00 to 2026-08-06 00:00:00
2026-09-25 22:11:44,708 - freqtrade.data.dataprovider - INFO - Loading data for BTC/USDT:USDT 1h from 2025-11-28 16:00:00 to 2026-08-06 00:00:00
2026-09-25 22:11:44,741 - freqtrade.data.dataprovider - INFO - Loading data for BTC/USDT:USDT 1d from 2023-10-24 00:00:00 to 2026-08-06 00:00:00
2026-09-25 22:11:45,185 - freqtrade.data.dataprovider - INFO - Loading data for ETH/USDT:USDT 15m from 2025-12-23 16:00:00 to 2026-08-06 00:00:00
2026-09-25 22:11:45,231 - freqtrade.data.dataprovider - INFO - Loading data for ETH/USDT:USDT 1h from 2025-11-28 16:00:00 to 2026-08-06 00:00:00
2026-09-25 22:11:45,256 - freqtrade.data.dataprovider - INFO - Loading data for ETH/USDT:USDT 4h from 2025-08-20 16:00:00 to 2026-08-06 00:00:00
2026-09-25 22:11:45,278 - freqtrade.data.dataprovider - INFO - Loading data for ETH/USDT:USDT 1d from 2023-10-24 00:00:00 to 2026-08-06 00:00:00
2026-09-25 22:11:45,663 - freqtrade.data.dataprovider - INFO - Loading data for SOL/USDT:USDT 15m from 2025-12-23 16:00:00 to 2026-08-06 00:00:00
2026-09-25 22:11:45,712 - freqtrade.data.dataprovider - INFO - Loading data for SOL/USDT:USDT 1h from 2025-11-28 16:00:00 to 2026-08-06 00:00:00
2026-09-25 22:11:45,739 - freqtrade.data.dataprovider - INFO - Loading data for SOL/USDT:USDT 4h from 2025-08-20 16:00:00 to 2026-08-06 00:00:00
2026-09-25 22:11:45,761 - freqtrade.data.dataprovider - INFO - Loading data for SOL/USDT:USDT 1d from 2023-10-24 00:00:00 to 2026-08-06 00:00:00
2026-09-25 22:11:46,143 - freqtrade.data.dataprovider - INFO - Loading data for XRP/USDT:USDT 15m from 2025-12-23 16:00:00 to 2026-08-06 00:00:00
2026-09-25 22:11:46,188 - freqtrade.data.dataprovider - INFO - Loading data for XRP/USDT:USDT 1h from 2025-11-28 16:00:00 to 2026-08-06 00:00:00
2026-09-25 22:11:46,219 - freqtrade.data.dataprovider - INFO - Loading data for XRP/USDT:USDT 4h from 2025-08-20 16:00:00 to 2026-08-06 00:00:00
2026-09-25 22:11:46,244 - freqtrade.data.dataprovider - INFO - Loading data for XRP/USDT:USDT 1d from 2023-10-24 00:00:00 to 2026-08-06 00:00:00
2026-09-25 22:11:46,624 - freqtrade.data.dataprovider - INFO - Loading data for BNB/USDT:USDT 15m from 2025-12-23 16:00:00 to 2026-08-06 00:00:00
2026-09-25 22:11:46,671 - freqtrade.data.dataprovider - INFO - Loading data for BNB/USDT:USDT 1h from 2025-11-28 16:00:00 to 2026-08-06 00:00:00
2026-09-25 22:11:46,699 - freqtrade.data.dataprovider - INFO - Loading data for BNB/USDT:USDT 4h from 2025-08-20 16:00:00 to 2026-08-06 00:00:00
2026-09-25 22:11:46,724 - freqtrade.data.dataprovider - INFO - Loading data for BNB/USDT:USDT 1d from 2023-10-24 00:00:00 to 2026-08-06 00:00:00
2026-09-25 22:11:47,124 - freqtrade.data.dataprovider - INFO - Loading data for DOGE/USDT:USDT 15m from 2025-12-23 16:00:00 to 2026-08-06 00:00:00
2026-09-25 22:11:47,173 - freqtrade.data.dataprovider - INFO - Loading data for DOGE/USDT:USDT 1h from 2025-11-28 16:00:00 to 2026-08-06 00:00:00
2026-09-25 22:11:47,201 - freqtrade.data.dataprovider - INFO - Loading data for DOGE/USDT:USDT 4h from 2025-08-20 16:00:00 to 2026-08-06 00:00:00
2026-09-25 22:11:47,225 - freqtrade.data.dataprovider - INFO - Loading data for DOGE/USDT:USDT 1d from 2023-10-24 00:00:00 to 2026-08-06 00:00:00
2026-09-25 22:11:47,614 - freqtrade.data.dataprovider - INFO - Loading data for ADA/USDT:USDT 15m from 2025-12-23 16:00:00 to 2026-08-06 00:00:00
2026-09-25 22:11:47,662 - freqtrade.data.dataprovider - INFO - Loading data for ADA/USDT:USDT 1h from 2025-11-28 16:00:00 to 2026-08-06 00:00:00
2026-09-25 22:11:47,692 - freqtrade.data.dataprovider - INFO - Loading data for ADA/USDT:USDT 4h from 2025-08-20 16:00:00 to 2026-08-06 00:00:00
2026-09-25 22:11:47,717 - freqtrade.data.dataprovider - INFO - Loading data for ADA/USDT:USDT 1d from 2023-10-24 00:00:00 to 2026-08-06 00:00:00
2026-09-25 22:11:48,093 - freqtrade.data.dataprovider - INFO - Loading data for AVAX/USDT:USDT 15m from 2025-12-23 16:00:00 to 2026-08-06 00:00:00
2026-09-25 22:11:48,147 - freqtrade.data.dataprovider - INFO - Loading data for AVAX/USDT:USDT 1h from 2025-11-28 16:00:00 to 2026-08-06 00:00:00
2026-09-25 22:11:48,175 - freqtrade.data.dataprovider - INFO - Loading data for AVAX/USDT:USDT 4h from 2025-08-20 16:00:00 to 2026-08-06 00:00:00
2026-09-25 22:11:48,198 - freqtrade.data.dataprovider - INFO - Loading data for AVAX/USDT:USDT 1d from 2023-10-24 00:00:00 to 2026-08-06 00:00:00
2026-09-25 22:11:48,584 - freqtrade.data.dataprovider - INFO - Loading data for LINK/USDT:USDT 15m from 2025-12-23 16:00:00 to 2026-08-06 00:00:00
2026-09-25 22:11:48,633 - freqtrade.data.dataprovider - INFO - Loading data for LINK/USDT:USDT 1h from 2025-11-28 16:00:00 to 2026-08-06 00:00:00
2026-09-25 22:11:48,661 - freqtrade.data.dataprovider - INFO - Loading data for LINK/USDT:USDT 4h from 2025-08-20 16:00:00 to 2026-08-06 00:00:00
2026-09-25 22:11:48,684 - freqtrade.data.dataprovider - INFO - Loading data for LINK/USDT:USDT 1d from 2023-10-24 00:00:00 to 2026-08-06 00:00:00
2026-09-25 22:11:49,079 - freqtrade.data.dataprovider - INFO - Loading data for SAND/USDT:USDT 15m from 2025-12-23 16:00:00 to 2026-08-06 00:00:00
2026-09-25 22:11:49,126 - freqtrade.data.dataprovider - INFO - Loading data for SAND/USDT:USDT 1h from 2025-11-28 16:00:00 to 2026-08-06 00:00:00
2026-09-25 22:11:49,155 - freqtrade.data.dataprovider - INFO - Loading data for SAND/USDT:USDT 4h from 2025-08-20 16:00:00 to 2026-08-06 00:00:00
2026-09-25 22:11:49,178 - freqtrade.data.dataprovider - INFO - Loading data for SAND/USDT:USDT 1d from 2023-10-24 00:00:00 to 2026-08-06 00:00:00
2026-09-25 22:11:49,562 - freqtrade.data.dataprovider - INFO - Loading data for AXS/USDT:USDT 15m from 2025-12-23 16:00:00 to 2026-08-06 00:00:00
2026-09-25 22:11:49,611 - freqtrade.data.dataprovider - INFO - Loading data for AXS/USDT:USDT 1h from 2025-11-28 16:00:00 to 2026-08-06 00:00:00
2026-09-25 22:11:49,639 - freqtrade.data.dataprovider - INFO - Loading data for AXS/USDT:USDT 4h from 2025-08-20 16:00:00 to 2026-08-06 00:00:00
2026-09-25 22:11:49,662 - freqtrade.data.dataprovider - INFO - Loading data for AXS/USDT:USDT 1d from 2023-10-24 00:00:00 to 2026-08-06 00:00:00
2026-09-25 22:11:50,047 - freqtrade.data.dataprovider - INFO - Loading data for INJ/USDT:USDT 15m from 2025-12-23 16:00:00 to 2026-08-06 00:00:00
2026-09-25 22:11:50,094 - freqtrade.data.dataprovider - INFO - Loading data for INJ/USDT:USDT 1h from 2025-11-28 16:00:00 to 2026-08-06 00:00:00
2026-09-25 22:11:50,121 - freqtrade.data.dataprovider - INFO - Loading data for INJ/USDT:USDT 4h from 2025-08-20 16:00:00 to 2026-08-06 00:00:00
2026-09-25 22:11:50,144 - freqtrade.data.dataprovider - INFO - Loading data for INJ/USDT:USDT 1d from 2023-10-24 00:00:00 to 2026-08-06 00:00:00
2026-09-25 22:11:50,520 - freqtrade.data.dataprovider - INFO - Loading data for AAVE/USDT:USDT 15m from 2025-12-23 16:00:00 to 2026-08-06 00:00:00
2026-09-25 22:11:50,565 - freqtrade.data.dataprovider - INFO - Loading data for AAVE/USDT:USDT 1h from 2025-11-28 16:00:00 to 2026-08-06 00:00:00
2026-09-25 22:11:50,593 - freqtrade.data.dataprovider - INFO - Loading data for AAVE/USDT:USDT 4h from 2025-08-20 16:00:00 to 2026-08-06 00:00:00
2026-09-25 22:11:50,615 - freqtrade.data.dataprovider - INFO - Loading data for AAVE/USDT:USDT 1d from 2023-10-24 00:00:00 to 2026-08-06 00:00:00
2026-09-25 22:11:51,000 - freqtrade.data.dataprovider - INFO - Loading data for RUNE/USDT:USDT 15m from 2025-12-23 16:00:00 to 2026-08-06 00:00:00
2026-09-25 22:11:51,045 - freqtrade.data.dataprovider - INFO - Loading data for RUNE/USDT:USDT 1h from 2025-11-28 16:00:00 to 2026-08-06 00:00:00
2026-09-25 22:11:51,071 - freqtrade.data.dataprovider - INFO - Loading data for RUNE/USDT:USDT 4h from 2025-08-20 16:00:00 to 2026-08-06 00:00:00
2026-09-25 22:11:51,094 - freqtrade.data.dataprovider - INFO - Loading data for RUNE/USDT:USDT 1d from 2023-10-24 00:00:00 to 2026-08-06 00:00:00
2026-09-25 22:11:51,496 - freqtrade.data.dataprovider - INFO - Loading data for FIL/USDT:USDT 15m from 2025-12-23 16:00:00 to 2026-08-06 00:00:00
2026-09-25 22:11:51,543 - freqtrade.data.dataprovider - INFO - Loading data for FIL/USDT:USDT 1h from 2025-11-28 16:00:00 to 2026-08-06 00:00:00
2026-09-25 22:11:51,570 - freqtrade.data.dataprovider - INFO - Loading data for FIL/USDT:USDT 4h from 2025-08-20 16:00:00 to 2026-08-06 00:00:00
2026-09-25 22:11:51,593 - freqtrade.data.dataprovider - INFO - Loading data for FIL/USDT:USDT 1d from 2023-10-24 00:00:00 to 2026-08-06 00:00:00
2026-09-25 22:11:52,006 - freqtrade.data.dataprovider - INFO - Loading data for GALA/USDT:USDT 15m from 2025-12-23 16:00:00 to 2026-08-06 00:00:00
2026-09-25 22:11:52,052 - freqtrade.data.dataprovider - INFO - Loading data for GALA/USDT:USDT 1h from 2025-11-28 16:00:00 to 2026-08-06 00:00:00
2026-09-25 22:11:52,084 - freqtrade.data.dataprovider - INFO - Loading data for GALA/USDT:USDT 4h from 2025-08-20 16:00:00 to 2026-08-06 00:00:00
2026-09-25 22:11:52,108 - freqtrade.data.dataprovider - INFO - Loading data for GALA/USDT:USDT 1d from 2023-10-24 00:00:00 to 2026-08-06 00:00:00
2026-09-25 22:11:52,555 - freqtrade.data.dataprovider - INFO - Loading data for DOT/USDT:USDT 15m from 2025-12-23 16:00:00 to 2026-08-06 00:00:00
2026-09-25 22:11:52,609 - freqtrade.data.dataprovider - INFO - Loading data for DOT/USDT:USDT 1h from 2025-11-28 16:00:00 to 2026-08-06 00:00:00
2026-09-25 22:11:52,638 - freqtrade.data.dataprovider - INFO - Loading data for DOT/USDT:USDT 4h from 2025-08-20 16:00:00 to 2026-08-06 00:00:00
2026-09-25 22:11:52,661 - freqtrade.data.dataprovider - INFO - Loading data for DOT/USDT:USDT 1d from 2023-10-24 00:00:00 to 2026-08-06 00:00:00
2026-09-25 22:11:53,180 - freqtrade.data.dataprovider - INFO - Loading data for ALGO/USDT:USDT 15m from 2025-12-23 16:00:00 to 2026-08-06 00:00:00
2026-09-25 22:11:53,227 - freqtrade.data.dataprovider - INFO - Loading data for ALGO/USDT:USDT 1h from 2025-11-28 16:00:00 to 2026-08-06 00:00:00
2026-09-25 22:11:53,256 - freqtrade.data.dataprovider - INFO - Loading data for ALGO/USDT:USDT 4h from 2025-08-20 16:00:00 to 2026-08-06 00:00:00
2026-09-25 22:11:53,280 - freqtrade.data.dataprovider - INFO - Loading data for ALGO/USDT:USDT 1d from 2023-10-24 00:00:00 to 2026-08-06 00:00:00
2026-09-25 22:11:53,799 - freqtrade.data.dataprovider - INFO - Loading data for CRV/USDT:USDT 15m from 2025-12-23 16:00:00 to 2026-08-06 00:00:00
2026-09-25 22:11:53,846 - freqtrade.data.dataprovider - INFO - Loading data for CRV/USDT:USDT 1h from 2025-11-28 16:00:00 to 2026-08-06 00:00:00
2026-09-25 22:11:53,875 - freqtrade.data.dataprovider - INFO - Loading data for CRV/USDT:USDT 4h from 2025-08-20 16:00:00 to 2026-08-06 00:00:00
2026-09-25 22:11:53,897 - freqtrade.data.dataprovider - INFO - Loading data for CRV/USDT:USDT 1d from 2023-10-24 00:00:00 to 2026-08-06 00:00:00
2026-09-25 22:11:54,504 - freqtrade.optimize.backtesting - INFO - Backtesting with data from 2026-01-01 00:00:00 up to 2026-08-06 00:00:00 (217 days).
2026-09-25 22:12:15,580 - NostalgiaForInfinityX8 - INFO - De-risk Level 1 [2026-01-01 14:05:00+00:00] [FIL/USDT:USDT] | Rate: 1.436 | Stake amount: 3707.972 | Profit (stake): -6168.810 | Profit: 
-12.47%
2026-09-25 22:12:16,030 - NostalgiaForInfinityX8 - INFO - Grinding entry (grind_5_entry) [2026-01-01 16:35:00+00:00] [FIL/USDT:USDT] | Rate: 1.523 | Stake amount: 824.998 | Profit (stake): -8864.274 |
Profit: -17.92% | Tag: 
2026-09-25 22:12:16,143 - NostalgiaForInfinityX8 - INFO - De-risk Level 2 [2026-01-01 17:10:00+00:00] [FIL/USDT:USDT] | Rate: 1.531 | Stake amount: 5929.915 | Profit (stake): -9127.767 | Profit: 
-17.57%
2026-09-25 22:12:16,484 - NostalgiaForInfinityX8 - INFO - De-risk Level 1 [2026-01-01 19:00:00+00:00] [DOT/USDT:USDT] | Rate: 1.975 | Stake amount: 3682.203 | Profit (stake): -5775.132 | Profit: 
-11.67%
2026-09-25 22:12:17,596 - NostalgiaForInfinityX8 - INFO - Grinding entry (grind_5_entry) [2026-01-02 01:05:00+00:00] [DOT/USDT:USDT] | Rate: 1.991 | Stake amount: 825.000 | Profit (stake): -6128.808 |
Profit: -12.39% | Tag: 
2026-09-25 22:12:19,582 - NostalgiaForInfinityX8 - INFO - Grinding exit (grind_5_exit) [2026-01-02 11:35:00+00:00] [FIL/USDT:USDT] | Rate: 1.43 | Stake amount: 774.583 | Coin amount: 1625.0 | Profit 
(stake): -7002.963 | Profit: -13.48% | Grind profit: 6.11% (152.287 USDT)
2026-09-25 22:12:20,319 - NostalgiaForInfinityX8 - INFO - De-risk Level 1 [2026-01-02 15:40:00+00:00] [ADA/USDT:USDT] | Rate: 0.3736 | Stake amount: 3715.726 | Profit (stake): -6280.193 | Profit: 
-12.69%
2026-09-25 22:12:21,129 - NostalgiaForInfinityX8 - INFO - De-risk Level 2 [2026-01-02 19:45:00+00:00] [DOT/USDT:USDT] | Rate: 2.11 | Stake amount: 5900.847 | Profit (stake): -8933.634 | Profit: 
-17.20%
2026-09-25 22:12:21,515 - NostalgiaForInfinityX8 - INFO - Grinding entry (grind_5_entry) [2026-01-02 21:45:00+00:00] [ADA/USDT:USDT] | Rate: 0.3889 | Stake amount: 824.999 | Profit (stake): -8102.712 
| Profit: -16.38% | Tag: 
2026-09-25 22:12:21,822 - NostalgiaForInfinityX8 - INFO - De-risk Level 2 [2026-01-02 23:20:00+00:00] [ADA/USDT:USDT] | Rate: 0.3955 | Stake amount: 5900.306 | Profit (stake): -8935.307 | Profit: 
-17.20%
2026-09-25 22:12:22,012 - NostalgiaForInfinityX8 - INFO - De-risk Level 3 [2026-01-03 00:15:00+00:00] [DOT/USDT:USDT] | Rate: 2.176 | Stake amount: 10142.372 | Profit (stake): -9939.031 | Profit: 
-19.13%
2026-09-25 22:12:22,048 - NostalgiaForInfinityX8 - INFO - Grinding entry (grind_4_entry) [2026-01-03 00:25:00+00:00] [DOT/USDT:USDT] | Rate: 2.212 | Stake amount: 825.000 | Profit (stake): -9983.805 |
Profit: -19.22% | Tag: 
2026-09-25 22:12:22,832 - NostalgiaForInfinityX8 - INFO - De-risk Level 1 [2026-01-03 04:25:00+00:00] [XRP/USDT:USDT] | Rate: 2.0525 | Stake amount: 3691.736 | Profit (stake): -5915.308 | Profit: 
-11.96%
2026-09-25 22:12:24,330 - NostalgiaForInfinityX8 - INFO - Grinding entry (grind_5_entry) [2026-01-03 11:55:00+00:00] [XRP/USDT:USDT] | Rate: 1.9989 | Stake amount: 824.997 | Profit (stake): -4754.852 
| Profit: -9.61% | Tag: 
2026-09-25 22:12:31,999 - NostalgiaForInfinityX8 - INFO - De-risk Level 1 [2026-01-05 01:10:00+00:00] [LINK/USDT:USDT] | Rate: 13.657 | Stake amount: 3693.499 | Profit (stake): -5905.969 | Profit: 
-11.94%
2026-09-25 22:12:32,210 - NostalgiaForInfinityX8 - INFO - Grinding entry (grind_5_entry) [2026-01-05 02:15:00+00:00] [XRP/USDT:USDT] | Rate: 2.1483 | Stake amount: 989.997 | Profit (stake): -8159.344 
| Profit: -15.71% | Tag: 
2026-09-25 22:12:33,285 - NostalgiaForInfinityX8 - INFO - Grinding entry (grind_5_entry) [2026-01-05 07:15:00+00:00] [LINK/USDT:USDT] | Rate: 13.497 | Stake amount: 825.000 | Profit (stake): -5386.451
| Profit: -10.89% | Tag: 
2026-09-25 22:12:34,122 - NostalgiaForInfinityX8 - INFO - Grinding exit (grind_4_exit) [2026-01-05 11:05:00+00:00] [DOT/USDT:USDT] | Rate: 2.097 | Stake amount: 782.041 | Coin amount: 1118.8 | Profit 
(stake): -9712.474 | Profit: -17.85% | Grind profit: 5.20% (129.835 USDT)
2026-09-25 22:12:35,056 - NostalgiaForInfinityX8 - INFO - De-risk Level 3 [2026-01-05 15:20:00+00:00] [FIL/USDT:USDT] | Rate: 1.599 | Stake amount: 10313.196 | Profit (stake): -10327.146 | Profit: 
-19.88%
2026-09-25 22:12:35,142 - NostalgiaForInfinityX8 - INFO - De-risk Level 3 [2026-01-05 15:45:00+00:00] [ADA/USDT:USDT] | Rate: 0.4119 | Stake amount: 10241.619 | Profit (stake): -10239.887 | Profit: 
-19.71%
2026-09-25 22:12:35,150 - NostalgiaForInfinityX8 - INFO - Grinding entry (grind_4_entry) [2026-01-05 15:45:00+00:00] [FIL/USDT:USDT] | Rate: 1.629 | Stake amount: 824.998 | Profit (stake): -10327.656 
| Profit: -19.88% | Tag: 
2026-09-25 22:12:35,268 - NostalgiaForInfinityX8 - INFO - De-risk Level 2 [2026-01-05 16:20:00+00:00] [XRP/USDT:USDT] | Rate: 2.1799 | Stake amount: 5881.327 | Profit (stake): -8926.396 | Profit: 
-16.25%
2026-09-25 22:12:35,820 - NostalgiaForInfinityX8 - INFO - De-risk Level 3 [2026-01-05 18:45:00+00:00] [XRP/USDT:USDT] | Rate: 2.242 | Stake amount: 10081.452 | Profit (stake): -9927.358 | Profit: 
-18.08%
2026-09-25 22:12:35,996 - NostalgiaForInfinityX8 - INFO - Grinding entry (grind_5_entry) [2026-01-05 19:30:00+00:00] [ADA/USDT:USDT] | Rate: 0.4173 | Stake amount: 989.998 | Profit (stake): -10274.018
| Profit: -19.78% | Tag: 
2026-09-25 22:12:36,372 - NostalgiaForInfinityX8 - INFO - Grinding entry (grind_5_entry) [2026-01-05 21:05:00+00:00] [XRP/USDT:USDT] | Rate: 2.3286 | Stake amount: 1154.996 | Profit (stake): 
-10154.416 | Profit: -18.49% | Tag: 
2026-09-25 22:12:41,135 - NostalgiaForInfinityX8 - INFO - Grinding exit (grind_4_exit) [2026-01-06 17:50:00+00:00] [FIL/USDT:USDT] | Rate: 1.531 | Stake amount: 774.983 | Coin amount: 1519.3 | Profit 
(stake): -10179.510 | Profit: -18.70% | Grind profit: 6.02% (150.054 USDT)
2026-09-25 22:12:45,538 - NostalgiaForInfinityX8 - INFO - Grinding entry (grind_1_entry) [2026-01-07 13:15:00+00:00] [FIL/USDT:USDT] | Rate: 1.544 | Stake amount: 3299.992 | Profit (stake): -10179.736
| Profit: -18.71% | Tag: g0
2026-09-25 22:12:46,040 - NostalgiaForInfinityX8 - INFO - Grinding exit (grind_1_exit) [2026-01-07 15:20:00+00:00] [FIL/USDT:USDT] | Rate: 1.503 | Stake amount: 3212.238 | Coin amount: 6411.9 | Profit
(stake): -9925.886 | Profit: -15.43% | Grind profit: 2.66% (267.706 USDT)
2026-09-25 22:12:47,816 - NostalgiaForInfinityX8 - INFO - Grinding entry (grind_1_entry) [2026-01-07 23:05:00+00:00] [ADA/USDT:USDT] | Rate: 0.3979 | Stake amount: 3299.994 | Profit (stake): 
-10013.625 | Profit: -18.23% | Tag: g0
2026-09-25 22:12:50,359 - NostalgiaForInfinityX8 - INFO - Grinding exit (grind_1_exit) [2026-01-08 10:05:00+00:00] [ADA/USDT:USDT] | Rate: 0.3875 | Stake amount: 3213.667 | Coin amount: 24880.0 | 
Profit (stake): -9621.292 | Profit: -14.84% | Grind profit: 2.61% (263.572 USDT)
2026-09-25 22:12:52,722 - NostalgiaForInfinityX8 - INFO - Grinding entry (grind_1_entry) [2026-01-08 20:10:00+00:00] [FIL/USDT:USDT] | Rate: 1.474 | Stake amount: 3299.992 | Profit (stake): -9925.358 
| Profit: -15.43% | Tag: g0
2026-09-25 22:12:55,577 - NostalgiaForInfinityX8 - INFO - Grinding entry (grind_1_entry) [2026-01-09 08:05:00+00:00] [DOT/USDT:USDT] | Rate: 2.095 | Stake amount: 3300.000 | Profit (stake): -9707.811 
| Profit: -17.84% | Tag: g0
2026-09-25 22:12:56,577 - NostalgiaForInfinityX8 - INFO - Grinding entry (grind_2_entry) [2026-01-09 12:15:00+00:00] [DOT/USDT:USDT] | Rate: 2.067 | Stake amount: 1650.000 | Profit (stake): -9550.507 
| Profit: -14.85% | Tag: g0
2026-09-25 22:12:56,583 - NostalgiaForInfinityX8 - INFO - Grinding entry (grind_1_entry) [2026-01-09 12:20:00+00:00] [XRP/USDT:USDT] | Rate: 2.0918 | Stake amount: 3299.989 | Profit (stake): -9178.504
| Profit: -15.72% | Tag: g0
2026-09-25 22:12:57,139 - NostalgiaForInfinityX8 - INFO - Grinding entry (grind_2_entry) [2026-01-09 14:35:00+00:00] [XRP/USDT:USDT] | Rate: 2.0864 | Stake amount: 1649.995 | Profit (stake): -9140.637
| Profit: -13.39% | Tag: g0
2026-09-25 22:12:59,534 - NostalgiaForInfinityX8 - INFO - Grinding entry (grind_3_entry) [2026-01-10 00:15:00+00:00] [DOT/USDT:USDT] | Rate: 2.08 | Stake amount: 1650.000 | Profit (stake): -9664.701 |
Profit: -13.95% | Tag: g0
2026-09-25 22:13:01,042 - NostalgiaForInfinityX8 - INFO - Grinding entry (grind_1_entry) [2026-01-10 06:20:00+00:00] [ADA/USDT:USDT] | Rate: 0.3853 | Stake amount: 3299.994 | Profit (stake): -9589.855
| Profit: -14.80% | Tag: g0
2026-09-25 22:13:03,487 - NostalgiaForInfinityX8 - INFO - Grinding entry (grind_2_entry) [2026-01-10 16:00:00+00:00] [ADA/USDT:USDT] | Rate: 0.3894 | Stake amount: 1649.997 | Profit (stake): -9759.032
| Profit: -13.06% | Tag: g24
2026-09-25 22:13:03,536 - NostalgiaForInfinityX8 - INFO - Grinding entry (grind_3_entry) [2026-01-10 16:10:00+00:00] [ADA/USDT:USDT] | Rate: 0.3893 | Stake amount: 1649.997 | Profit (stake): -9758.790
| Profit: -12.25% | Tag: g24
2026-09-25 22:13:03,716 - NostalgiaForInfinityX8 - INFO - Grinding entry (grind_4_entry) [2026-01-10 16:50:00+00:00] [ADA/USDT:USDT] | Rate: 0.3897 | Stake amount: 824.999 | Profit (stake): -9788.117 
| Profit: -11.57% | Tag: g24
2026-09-25 22:13:06,714 - NostalgiaForInfinityX8 - INFO - Grinding entry (grind_2_entry) [2026-01-11 04:30:00+00:00] [FIL/USDT:USDT] | Rate: 1.48 | Stake amount: 1649.996 | Profit (stake): -9972.634 |
Profit: -13.44% | Tag: g0
2026-09-25 22:13:31,970 - NostalgiaForInfinityX8 - INFO - Grinding entry (grind_5_entry) [2026-01-15 07:25:00+00:00] [FIL/USDT:USDT] | Rate: 1.571 | Stake amount: 824.998 | Profit (stake): -10893.620 
| Profit: -13.76% | Tag: 
2026-09-25 22:13:33,657 - NostalgiaForInfinityX8 - INFO - Grinding exit (grind_5_exit) [2026-01-15 19:00:00+00:00] [FIL/USDT:USDT] | Rate: 1.475 | Stake amount: 774.572 | Coin amount: 1575.4 | Profit 
(stake): -9782.418 | Profit: -11.98% | Grind profit: 6.11% (152.400 USDT)
2026-09-25 22:13:34,734 - NostalgiaForInfinityX8 - INFO - Grinding entry (grind_3_entry) [2026-01-16 01:00:00+00:00] [FIL/USDT:USDT] | Rate: 1.502 | Stake amount: 1649.996 | Profit (stake): -10059.378
| Profit: -12.32% | Tag: g22
2026-09-25 22:13:34,778 - NostalgiaForInfinityX8 - INFO - Grinding entry (grind_4_entry) [2026-01-16 01:10:00+00:00] [FIL/USDT:USDT] | Rate: 1.498 | Stake amount: 824.998 | Profit (stake): -10010.802 
| Profit: -11.56% | Tag: g22
2026-09-25 22:13:43,112 - NostalgiaForInfinityX8 - INFO - De-risk Level 1 [2026-01-17 13:00:00+00:00] [GALA/USDT:USDT] | Rate: 0.00775 | Stake amount: 1822.590 | Profit (stake): -2979.563 | Profit: 
-12.23%
2026-09-25 22:13:43,613 - NostalgiaForInfinityX8 - INFO - De-risk Level 2 [2026-01-17 15:10:00+00:00] [GALA/USDT:USDT] | Rate: 0.00826 | Stake amount: 2913.793 | Profit (stake): -4419.542 | Profit: 
-18.14%
2026-09-25 22:13:45,042 - NostalgiaForInfinityX8 - INFO - Grinding entry (grind_5_entry) [2026-01-17 22:20:00+00:00] [GALA/USDT:USDT] | Rate: 0.00782 | Stake amount: 406.261 | Profit (stake): 
-3641.665 | Profit: -14.95% | Tag: 
2026-09-25 22:13:48,492 - NostalgiaForInfinityX8 - INFO - Grinding entry (grind_1_entry) [2026-01-18 13:10:00+00:00] [DOGE/USDT:USDT] | Rate: 0.13677 | Stake amount: 1598.185 | Profit (stake): 238.432
| Profit: 1.00% | Tag: g0
2026-09-25 22:13:50,758 - NostalgiaForInfinityX8 - INFO - Grinding exit (grind_5_exit) [2026-01-18 23:40:00+00:00] [GALA/USDT:USDT] | Rate: 0.00733 | Stake amount: 380.803 | Coin amount: 155854.0 | 
Profit (stake): -2698.222 | Profit: -10.55% | Grind profit: 6.27% (76.940 USDT)
2026-09-25 22:13:50,839 - NostalgiaForInfinityX8 - INFO - Grinding exit (grind_1_exit) [2026-01-19 00:05:00+00:00] [FIL/USDT:USDT] | Rate: 1.365 | Stake amount: 3055.962 | Coin amount: 6716.4 | Profit
(stake): -8016.251 | Profit: -9.00% | Grind profit: 7.39% (736.672 USDT)
2026-09-25 22:13:50,856 - NostalgiaForInfinityX8 - INFO - Grinding entry (grind_4_entry) [2026-01-19 00:05:00+00:00] [SOL/USDT:USDT] | Rate: 134.56 | Stake amount: 399.542 | Profit (stake): -1658.534 
| Profit: -6.92% | Tag: 
2026-09-25 22:13:50,862 - NostalgiaForInfinityX8 - INFO - Grinding exit (grind_2_exit) [2026-01-19 00:10:00+00:00] [FIL/USDT:USDT] | Rate: 1.365 | Stake amount: 1521.748 | Coin amount: 3344.5 | Profit
(stake): -8016.251 | Profit: -9.00% | Grind profit: 7.77% (386.900 USDT)
2026-09-25 22:13:50,880 - NostalgiaForInfinityX8 - INFO - Grinding exit (grind_3_exit) [2026-01-19 00:15:00+00:00] [FIL/USDT:USDT] | Rate: 1.354 | Stake amount: 1487.369 | Coin amount: 3295.5 | Profit
(stake): -7961.599 | Profit: -8.94% | Grind profit: 9.85% (489.965 USDT)
2026-09-25 22:13:50,894 - NostalgiaForInfinityX8 - INFO - Grinding exit (grind_4_exit) [2026-01-19 00:20:00+00:00] [FIL/USDT:USDT] | Rate: 1.358 | Stake amount: 747.138 | Coin amount: 1652.1 | Profit 
(stake): -7968.284 | Profit: -8.95% | Grind profit: 9.35% (232.416 USDT)
2026-09-25 22:13:50,918 - NostalgiaForInfinityX8 - INFO - Grinding entry (grind_1_entry) [2026-01-19 00:30:00+00:00] [FIL/USDT:USDT] | Rate: 1.353 | Stake amount: 3299.992 | Profit (stake): -7968.184 
| Profit: -8.95% | Tag: g23
2026-09-25 22:13:50,966 - NostalgiaForInfinityX8 - INFO - Grinding entry (grind_2_entry) [2026-01-19 00:40:00+00:00] [FIL/USDT:USDT] | Rate: 1.353 | Stake amount: 1649.996 | Profit (stake): -7978.084 
| Profit: -8.06% | Tag: g23
2026-09-25 22:13:50,992 - NostalgiaForInfinityX8 - INFO - Grinding entry (grind_3_entry) [2026-01-19 00:50:00+00:00] [FIL/USDT:USDT] | Rate: 1.364 | Stake amount: 1649.996 | Profit (stake): -8104.045 
| Profit: -7.80% | Tag: g23
2026-09-25 22:13:51,021 - NostalgiaForInfinityX8 - INFO - Grinding entry (grind_4_entry) [2026-01-19 01:00:00+00:00] [FIL/USDT:USDT] | Rate: 1.36 | Stake amount: 824.998 | Profit (stake): -8050.468 | 
Profit: -7.40% | Tag: g23
2026-09-25 22:13:52,914 - NostalgiaForInfinityX8 - INFO - Grinding entry (grind_5_entry) [2026-01-19 10:20:00+00:00] [FIL/USDT:USDT] | Rate: 1.383 | Stake amount: 824.998 | Profit (stake): -8440.698 |
Profit: -7.58% | Tag: g0
2026-09-25 22:13:56,040 - NostalgiaForInfinityX8 - INFO - Grinding entry (grind_1_entry) [2026-01-19 23:15:00+00:00] [GALA/USDT:USDT] | Rate: 0.00663 | Stake amount: 1625.045 | Profit (stake): 
-1466.779 | Profit: -5.73% | Tag: g24
2026-09-25 22:13:57,491 - NostalgiaForInfinityX8 - INFO - Grinding entry (grind_1_entry) [2026-01-20 05:10:00+00:00] [AAVE/USDT:USDT] | Rate: 162.67 | Stake amount: 1703.266 | Profit (stake): 16.395 |
Profit: 0.06% | Tag: g24
2026-09-25 22:13:57,524 - NostalgiaForInfinityX8 - INFO - Grinding entry (grind_2_entry) [2026-01-20 05:20:00+00:00] [GALA/USDT:USDT] | Rate: 0.00666 | Stake amount: 812.522 | Profit (stake): 
-1546.620 | Profit: -5.08% | Tag: g24
2026-09-25 22:13:58,350 - NostalgiaForInfinityX8 - INFO - Grinding entry (grind_1_entry) [2026-01-20 08:30:00+00:00] [LINK/USDT:USDT] | Rate: 12.599 | Stake amount: 1703.503 | Profit (stake): 340.608 
| Profit: 1.33% | Tag: g24
2026-09-25 22:13:59,841 - NostalgiaForInfinityX8 - INFO - De-risk Level 1 [2026-01-20 14:20:00+00:00] [SOL/USDT:USDT] | Rate: 128.08 | Stake amount: 1417.248 | Profit (stake): -2797.690 | Profit: 
-11.11%
2026-09-25 22:14:00,581 - NostalgiaForInfinityX8 - INFO - Grinding exit (grind_1_exit) [2026-01-20 17:45:00+00:00] [FIL/USDT:USDT] | Rate: 1.312 | Stake amount: 3199.968 | Coin amount: 7317.0 | Profit
(stake): -7156.284 | Profit: -6.29% | Grind profit: 3.03% (304.797 USDT)
2026-09-25 22:14:00,780 - NostalgiaForInfinityX8 - INFO - Grinding exit (grind_2_exit) [2026-01-20 18:30:00+00:00] [FIL/USDT:USDT] | Rate: 1.303 | Stake amount: 1589.008 | Coin amount: 3658.5 | Profit
(stake): -7057.984 | Profit: -6.20% | Grind profit: 3.70% (185.309 USDT)
2026-09-25 22:14:01,066 - NostalgiaForInfinityX8 - INFO - Grinding entry (grind_1_entry) [2026-01-20 19:30:00+00:00] [FIL/USDT:USDT] | Rate: 1.304 | Stake amount: 3299.992 | Profit (stake): -7065.246 
| Profit: -6.21% | Tag: g0
2026-09-25 22:14:01,534 - NostalgiaForInfinityX8 - INFO - Grinding exit (grind_1_exit) [2026-01-20 21:30:00+00:00] [GALA/USDT:USDT] | Rate: 0.00638 | Stake amount: 1563.768 | Coin amount: 735314.0 | 
Profit (stake): -745.447 | Profit: -2.27% | Grind profit: 3.77% (186.174 USDT)
2026-09-25 22:14:01,550 - NostalgiaForInfinityX8 - INFO - Grinding exit (grind_3_exit) [2026-01-20 21:35:00+00:00] [FIL/USDT:USDT] | Rate: 1.304 | Stake amount: 1577.405 | Coin amount: 3629.0 | Profit
(stake): -7075.146 | Profit: -5.72% | Grind profit: 4.40% (220.106 USDT)
2026-09-25 22:14:01,560 - NostalgiaForInfinityX8 - INFO - Grinding exit (grind_2_exit) [2026-01-20 21:35:00+00:00] [GALA/USDT:USDT] | Rate: 0.00637 | Stake amount: 777.142 | Coin amount: 366001.0 | 
Profit (stake): -724.139 | Profit: -2.20% | Grind profit: 4.35% (107.306 USDT)
2026-09-25 22:14:01,804 - NostalgiaForInfinityX8 - INFO - Grinding exit (grind_5_exit) [2026-01-20 22:35:00+00:00] [FIL/USDT:USDT] | Rate: 1.291 | Stake amount: 770.081 | Coin amount: 1789.5 | Profit 
(stake): -6929.196 | Profit: -5.60% | Grind profit: 6.65% (165.789 USDT)
2026-09-25 22:14:01,848 - NostalgiaForInfinityX8 - INFO - Grinding entry (grind_5_entry) [2026-01-20 22:40:00+00:00] [SOL/USDT:USDT] | Rate: 126.0 | Stake amount: 399.542 | Profit (stake): -3091.050 |
Profit: -12.27% | Tag: 
2026-09-25 22:14:02,127 - NostalgiaForInfinityX8 - INFO - Grinding entry (grind_2_entry) [2026-01-21 00:00:00+00:00] [FIL/USDT:USDT] | Rate: 1.311 | Stake amount: 1649.996 | Profit (stake): -7116.692 
| Profit: -5.75% | Tag: g24
2026-09-25 22:14:02,257 - NostalgiaForInfinityX8 - INFO - Grinding entry (grind_3_entry) [2026-01-21 00:30:00+00:00] [FIL/USDT:USDT] | Rate: 1.315 | Stake amount: 1649.996 | Profit (stake): -7174.499 
| Profit: -5.58% | Tag: g24
2026-09-25 22:14:04,000 - NostalgiaForInfinityX8 - INFO - Grinding entry (grind_1_entry) [2026-01-21 08:45:00+00:00] [GALA/USDT:USDT] | Rate: 0.00635 | Stake amount: 1625.045 | Profit (stake): 
-686.610 | Profit: -2.09% | Tag: g0
2026-09-25 22:14:05,016 - NostalgiaForInfinityX8 - INFO - Grinding entry (grind_5_entry) [2026-01-21 12:50:00+00:00] [FIL/USDT:USDT] | Rate: 1.335 | Stake amount: 824.998 | Profit (stake): -7516.031 |
Profit: -5.63% | Tag: g24
2026-09-25 22:14:05,731 - NostalgiaForInfinityX8 - INFO - Grinding entry (grind_4_entry) [2026-01-21 15:30:00+00:00] [AXS/USDT:USDT] | Rate: 2.277 | Stake amount: 456.414 | Profit (stake): -2366.096 |
Profit: -8.64% | Tag: 
2026-09-25 22:14:06,027 - NostalgiaForInfinityX8 - INFO - De-risk Level 1 [2026-01-21 16:45:00+00:00] [AXS/USDT:USDT] | Rate: 2.198 | Stake amount: 1599.997 | Profit (stake): -3244.879 | Profit: 
-11.28%
2026-09-25 22:14:06,991 - NostalgiaForInfinityX8 - INFO - Grinding entry (grind_4_entry) [2026-01-21 21:00:00+00:00] [GALA/USDT:USDT] | Rate: 0.00666 | Stake amount: 406.261 | Profit (stake): 
-1475.008 | Profit: -3.91% | Tag: 
2026-09-25 22:14:07,804 - NostalgiaForInfinityX8 - INFO - Grinding exit (grind_4_exit) [2026-01-22 00:30:00+00:00] [AXS/USDT:USDT] | Rate: 2.413 | Stake amount: 483.404 | Coin amount: 601.0 | Profit 
(stake): -1017.890 | Profit: -3.54% | Grind profit: 5.97% (81.011 USDT)
2026-09-25 22:14:11,610 - NostalgiaForInfinityX8 - INFO - Grinding exit (grind_4_exit) [2026-01-22 15:25:00+00:00] [GALA/USDT:USDT] | Rate: 0.00631 | Stake amount: 384.910 | Coin amount: 183000.0 | 
Profit (stake): -525.118 | Profit: -1.35% | Grind profit: 5.26% (64.627 USDT)
2026-09-25 22:14:15,556 - NostalgiaForInfinityX8 - INFO - Grinding entry (grind_4_entry) [2026-01-23 05:55:00+00:00] [SAND/USDT:USDT] | Rate: 0.16421 | Stake amount: 471.194 | Profit (stake): 
-1821.964 | Profit: -6.44% | Tag: 
2026-09-25 22:14:16,719 - NostalgiaForInfinityX8 - INFO - Grinding entry (grind_2_entry) [2026-01-23 09:45:00+00:00] [GALA/USDT:USDT] | Rate: 0.00643 | Stake amount: 812.522 | Profit (stake): -827.374
| Profit: -2.12% | Tag: g24
2026-09-25 22:14:17,355 - NostalgiaForInfinityX8 - INFO - Grinding entry (grind_1_entry) [2026-01-23 12:00:00+00:00] [SAND/USDT:USDT] | Rate: 0.15913 | Stake amount: 1884.776 | Profit (stake): 
-2673.372 | Profit: -9.00% | Tag: g0
2026-09-25 22:14:17,864 - NostalgiaForInfinityX8 - INFO - Grinding exit (grind_1_exit) [2026-01-23 13:45:00+00:00] [SAND/USDT:USDT] | Rate: 0.16406 | Stake amount: 1943.127 | Coin amount: 35532.0 | 
Profit (stake): -1667.014 | Profit: -4.71% | Grind profit: 3.10% (172.258 USDT)
2026-09-25 22:14:19,904 - NostalgiaForInfinityX8 - INFO - Grinding entry (grind_3_entry) [2026-01-23 21:30:00+00:00] [GALA/USDT:USDT] | Rate: 0.00634 | Stake amount: 812.522 | Profit (stake): -567.709
| Profit: -1.37% | Tag: g24
2026-09-25 22:14:21,554 - NostalgiaForInfinityX8 - INFO - De-risk Level 1 [2026-01-24 03:30:00+00:00] [SAND/USDT:USDT] | Rate: 0.1538 | Stake amount: 1653.237 | Profit (stake): -3383.568 | Profit: 
-9.57%
2026-09-25 22:14:21,615 - NostalgiaForInfinityX8 - INFO - Grinding entry (grind_4_entry) [2026-01-24 03:45:00+00:00] [GALA/USDT:USDT] | Rate: 0.00633 | Stake amount: 406.261 | Profit (stake): -541.095
| Profit: -1.23% | Tag: g24
2026-09-25 22:14:23,370 - NostalgiaForInfinityX8 - INFO - Grinding entry (grind_1_entry) [2026-01-24 09:40:00+00:00] [AVAX/USDT:USDT] | Rate: 12.097 | Stake amount: 1879.906 | Profit (stake): 17.921 |
Profit: 0.06% | Tag: g0
2026-09-25 22:14:25,444 - NostalgiaForInfinityX8 - INFO - Grinding entry (grind_5_entry) [2026-01-24 16:45:00+00:00] [SAND/USDT:USDT] | Rate: 0.14892 | Stake amount: 471.194 | Profit (stake): 
-4053.622 | Profit: -11.46% | Tag: 
2026-09-25 22:14:26,466 - NostalgiaForInfinityX8 - INFO - Grinding exit (grind_2_exit) [2026-01-24 19:55:00+00:00] [GALA/USDT:USDT] | Rate: 0.00619 | Stake amount: 782.193 | Coin amount: 379092.0 | 
Profit (stake): -59.123 | Profit: -0.13% | Grind profit: 3.73% (92.155 USDT)
2026-09-25 22:14:28,096 - NostalgiaForInfinityX8 - INFO - Grinding exit (grind_1_exit) [2026-01-25 01:35:00+00:00] [GALA/USDT:USDT] | Rate: 0.00616 | Stake amount: 1576.420 | Coin amount: 767737.0 | 
Profit (stake): 32.610 | Profit: 0.07% | Grind profit: 2.99% (148.235 USDT)
2026-09-25 22:14:29,877 - NostalgiaForInfinityX8 - INFO - Grinding entry (grind_1_entry) [2026-01-25 07:40:00+00:00] [GALA/USDT:USDT] | Rate: 0.00615 | Stake amount: 1625.045 | Profit (stake): 56.030 
| Profit: 0.12% | Tag: g24
2026-09-25 22:14:30,102 - NostalgiaForInfinityX8 - INFO - De-risk Level 2 [2026-01-25 08:20:00+00:00] [SAND/USDT:USDT] | Rate: 0.14169 | Stake amount: 2284.595 | Profit (stake): -5118.980 | Profit: 
-13.92%
2026-09-25 22:14:31,409 - NostalgiaForInfinityX8 - INFO - Grinding exit (grind_4_exit) [2026-01-25 12:30:00+00:00] [FIL/USDT:USDT] | Rate: 1.279 | Stake amount: 775.841 | Coin amount: 1819.8 | Profit 
(stake): -6483.631 | Profit: -4.77% | Grind profit: 5.96% (148.568 USDT)
2026-09-25 22:14:31,972 - NostalgiaForInfinityX8 - INFO - Grinding exit (grind_3_exit) [2026-01-25 14:20:00+00:00] [GALA/USDT:USDT] | Rate: 0.00608 | Stake amount: 779.201 | Coin amount: 384474.0 | 
Profit (stake): 272.532 | Profit: 0.55% | Grind profit: 4.10% (101.132 USDT)
2026-09-25 22:14:32,036 - NostalgiaForInfinityX8 - INFO - Grinding entry (grind_5_entry) [2026-01-25 14:30:00+00:00] [SAND/USDT:USDT] | Rate: 0.13739 | Stake amount: 565.433 | Profit (stake): 
-5543.268 | Profit: -15.07% | Tag: 
2026-09-25 22:14:32,136 - NostalgiaForInfinityX8 - INFO - De-risk Level 3 [2026-01-25 14:50:00+00:00] [SAND/USDT:USDT] | Rate: 0.13579 | Stake amount: 3649.107 | Profit (stake): -5722.583 | Profit: 
-14.88%
2026-09-25 22:14:32,580 - NostalgiaForInfinityX8 - INFO - Grinding exit (grind_4_exit) [2026-01-25 16:10:00+00:00] [GALA/USDT:USDT] | Rate: 0.006 | Stake amount: 385.080 | Coin amount: 192540.0 | 
Profit (stake): 487.907 | Profit: 0.98% | Grind profit: 5.21% (64.116 USDT)
2026-09-25 22:14:32,605 - NostalgiaForInfinityX8 - INFO - Grinding exit (grind_1_exit) [2026-01-25 16:15:00+00:00] [FIL/USDT:USDT] | Rate: 1.266 | Stake amount: 3203.824 | Coin amount: 7592.0 | Profit
(stake): -6265.803 | Profit: -4.61% | Grind profit: 2.91% (293.302 USDT)
2026-09-25 22:14:32,616 - NostalgiaForInfinityX8 - INFO - Grinding exit (grind_1_exit) [2026-01-25 16:15:00+00:00] [GALA/USDT:USDT] | Rate: 0.00599 | Stake amount: 1582.766 | Coin amount: 792704.0 | 
Profit (stake): 513.485 | Profit: 1.03% | Grind profit: 2.60% (129.207 USDT)
2026-09-25 22:14:32,641 - NostalgiaForInfinityX8 - INFO - Grinding exit (grind_2_exit) [2026-01-25 16:20:00+00:00] [FIL/USDT:USDT] | Rate: 1.256 | Stake amount: 1580.760 | Coin amount: 3775.7 | Profit
(stake): -6171.616 | Profit: -4.54% | Grind profit: 4.20% (210.035 USDT)
2026-09-25 22:14:32,674 - NostalgiaForInfinityX8 - INFO - Grinding exit (grind_3_exit) [2026-01-25 16:25:00+00:00] [FIL/USDT:USDT] | Rate: 1.257 | Stake amount: 1577.200 | Coin amount: 3764.2 | Profit
(stake): -6177.257 | Profit: -4.54% | Grind profit: 4.41% (220.689 USDT)
2026-09-25 22:14:33,365 - NostalgiaForInfinityX8 - INFO - Grinding entry (grind_1_entry) [2026-01-25 18:30:00+00:00] [FIL/USDT:USDT] | Rate: 1.254 | Stake amount: 3299.992 | Profit (stake): -6171.632 
| Profit: -4.54% | Tag: g0
2026-09-25 22:14:33,398 - NostalgiaForInfinityX8 - INFO - Grinding exit (grind_5_exit) [2026-01-25 18:35:00+00:00] [FIL/USDT:USDT] | Rate: 1.244 | Stake amount: 768.751 | Coin amount: 1853.9 | Profit 
(stake): -6083.795 | Profit: -4.17% | Grind profit: 6.82% (169.858 USDT)
2026-09-25 22:14:33,454 - NostalgiaForInfinityX8 - INFO - Grinding entry (grind_2_entry) [2026-01-25 18:45:00+00:00] [FIL/USDT:USDT] | Rate: 1.244 | Stake amount: 1649.996 | Profit (stake): -6083.795 
| Profit: -4.17% | Tag: g0
2026-09-25 22:14:33,855 - NostalgiaForInfinityX8 - INFO - Grinding exit (grind_1_exit) [2026-01-25 19:55:00+00:00] [FIL/USDT:USDT] | Rate: 1.218 | Stake amount: 3205.248 | Coin amount: 7894.7 | Profit
(stake): -5779.346 | Profit: -3.83% | Grind profit: 2.87% (289.017 USDT)
2026-09-25 22:14:33,873 - NostalgiaForInfinityX8 - INFO - De-risk Level 2 [2026-01-25 19:55:00+00:00] [SOL/USDT:USDT] | Rate: 117.73 | Stake amount: 1954.083 | Profit (stake): -4337.586 | Profit: 
-16.44%
2026-09-25 22:14:33,884 - NostalgiaForInfinityX8 - INFO - Grinding entry (grind_4_entry) [2026-01-25 19:55:00+00:00] [AVAX/USDT:USDT] | Rate: 11.276 | Stake amount: 467.060 | Profit (stake): -1931.815
| Profit: -6.89% | Tag: 
2026-09-25 22:14:34,129 - NostalgiaForInfinityX8 - INFO - Grinding de-risk (grind_4_derisk) [2026-01-25 20:35:00+00:00] [SAND/USDT:USDT] | Rate: 0.12786 | Stake amount: 366.873 | Coin amount: 8608.000
| Profit (stake): -5963.656 | Profit: -15.50% | Grind profit: -15.50% (-313.451 USDT)
2026-09-25 22:14:37,642 - NostalgiaForInfinityX8 - INFO - Grinding entry (grind_1_entry) [2026-01-26 08:00:00+00:00] [FIL/USDT:USDT] | Rate: 1.272 | Stake amount: 3299.992 | Profit (stake): -5995.462 
| Profit: -3.97% | Tag: g24
2026-09-25 22:14:37,701 - NostalgiaForInfinityX8 - INFO - Grinding entry (grind_3_entry) [2026-01-26 08:10:00+00:00] [FIL/USDT:USDT] | Rate: 1.272 | Stake amount: 1649.996 | Profit (stake): -6005.362 
| Profit: -3.73% | Tag: g24
2026-09-25 22:14:37,755 - NostalgiaForInfinityX8 - INFO - Grinding entry (grind_4_entry) [2026-01-26 08:20:00+00:00] [FIL/USDT:USDT] | Rate: 1.273 | Stake amount: 824.998 | Profit (stake): -6025.401 |
Profit: -3.64% | Tag: g24
2026-09-25 22:14:37,834 - NostalgiaForInfinityX8 - INFO - Grinding entry (grind_5_entry) [2026-01-26 08:35:00+00:00] [FIL/USDT:USDT] | Rate: 1.275 | Stake amount: 824.998 | Profit (stake): -6063.129 |
Profit: -3.60% | Tag: g24
2026-09-25 22:14:38,557 - NostalgiaForInfinityX8 - INFO - Grinding entry (grind_1_entry) [2026-01-26 10:55:00+00:00] [SAND/USDT:USDT] | Rate: 0.13702 | Stake amount: 1884.776 | Profit (stake): 
-5763.813 | Profit: -14.98% | Tag: g0
2026-09-25 22:14:39,852 - NostalgiaForInfinityX8 - INFO - Grinding entry (grind_2_entry) [2026-01-26 15:15:00+00:00] [SAND/USDT:USDT] | Rate: 0.13579 | Stake amount: 942.388 | Profit (stake): 
-5847.049 | Profit: -13.25% | Tag: g0
2026-09-25 22:14:39,859 - NostalgiaForInfinityX8 - INFO - Grinding exit (grind_4_exit) [2026-01-26 15:15:00+00:00] [AVAX/USDT:USDT] | Rate: 11.889 | Stake amount: 491.412 | Coin amount: 124.0 | Profit
(stake): -435.431 | Profit: -1.48% | Grind profit: 5.44% (75.275 USDT)
2026-09-25 22:14:47,215 - NostalgiaForInfinityX8 - INFO - Grinding entry (grind_5_entry) [2026-01-27 15:20:00+00:00] [SAND/USDT:USDT] | Rate: 0.12631 | Stake amount: 659.672 | Profit (stake): 
-6641.066 | Profit: -14.14% | Tag: 
2026-09-25 22:14:58,193 - NostalgiaForInfinityX8 - INFO - Grinding exit (grind_1_exit) [2026-01-29 02:50:00+00:00] [FIL/USDT:USDT] | Rate: 1.237 | Stake amount: 3209.149 | Coin amount: 7782.9 | Profit
(stake): -5330.979 | Profit: -3.12% | Grind profit: 2.75% (277.215 USDT)
2026-09-25 22:14:58,219 - NostalgiaForInfinityX8 - INFO - Grinding entry (grind_1_entry) [2026-01-29 02:50:00+00:00] [GALA/USDT:USDT] | Rate: 0.00576 | Stake amount: 1869.558 | Profit (stake): 585.399
| Profit: 2.09% | Tag: g0
2026-09-25 22:14:58,742 - NostalgiaForInfinityX8 - INFO - Grinding entry (grind_1_entry) [2026-01-29 04:30:00+00:00] [FIL/USDT:USDT] | Rate: 1.238 | Stake amount: 3299.992 | Profit (stake): -5342.761 
| Profit: -3.13% | Tag: g24
2026-09-25 22:15:01,119 - NostalgiaForInfinityX8 - INFO - Grinding entry (grind_1_entry) [2026-01-29 11:45:00+00:00] [DOT/USDT:USDT] | Rate: 1.788 | Stake amount: 1858.439 | Profit (stake): 731.902 | 
Profit: 2.63% | Tag: g0
2026-09-25 22:15:01,413 - NostalgiaForInfinityX8 - INFO - Grinding exit (grind_3_exit) [2026-01-29 12:40:00+00:00] [FIL/USDT:USDT] | Rate: 1.216 | Stake amount: 1577.314 | Coin amount: 3891.4 | Profit
(stake): -4918.695 | Profit: -2.72% | Grind profit: 4.40% (220.284 USDT)
2026-09-25 22:15:02,093 - NostalgiaForInfinityX8 - INFO - Grinding exit (grind_1_exit) [2026-01-29 15:00:00+00:00] [FIL/USDT:USDT] | Rate: 1.202 | Stake amount: 3204.011 | Coin amount: 7996.7 | Profit
(stake): -4696.244 | Profit: -2.60% | Grind profit: 2.91% (292.687 USDT)
2026-09-25 22:15:02,129 - NostalgiaForInfinityX8 - INFO - Grinding exit (grind_2_exit) [2026-01-29 15:05:00+00:00] [FIL/USDT:USDT] | Rate: 1.194 | Stake amount: 1583.642 | Coin amount: 3979.0 | Profit
(stake): -4633.135 | Profit: -2.57% | Grind profit: 4.02% (201.325 USDT)
2026-09-25 22:15:02,160 - NostalgiaForInfinityX8 - INFO - Grinding exit (grind_4_exit) [2026-01-29 15:10:00+00:00] [FIL/USDT:USDT] | Rate: 1.188 | Stake amount: 769.903 | Coin amount: 1944.2 | Profit 
(stake): -4609.689 | Profit: -2.55% | Grind profit: 6.68% (166.412 USDT)
2026-09-25 22:15:02,193 - NostalgiaForInfinityX8 - INFO - Grinding exit (grind_5_exit) [2026-01-29 15:15:00+00:00] [FIL/USDT:USDT] | Rate: 1.182 | Stake amount: 763.789 | Coin amount: 1941.1 | Profit 
(stake): -4597.914 | Profit: -2.55% | Grind profit: 7.29% (181.669 USDT)
2026-09-25 22:15:02,308 - NostalgiaForInfinityX8 - INFO - Grinding entry (grind_4_entry) [2026-01-29 15:35:00+00:00] [SOL/USDT:USDT] | Rate: 118.3 | Stake amount: 479.450 | Profit (stake): -4281.836 |
Profit: -16.23% | Tag: 
2026-09-25 22:15:02,317 - NostalgiaForInfinityX8 - INFO - Grinding entry (grind_5_entry) [2026-01-29 15:35:00+00:00] [SAND/USDT:USDT] | Rate: 0.11469 | Stake amount: 753.911 | Profit (stake): 
-7787.093 | Profit: -15.91% | Tag: 
2026-09-25 22:15:03,073 - NostalgiaForInfinityX8 - INFO - Grinding entry (grind_1_entry) [2026-01-29 18:10:00+00:00] [FIL/USDT:USDT] | Rate: 1.19 | Stake amount: 3299.992 | Profit (stake): -4598.107 |
Profit: -2.55% | Tag: g0
2026-09-25 22:15:03,266 - NostalgiaForInfinityX8 - INFO - Grinding exit (grind_1_exit) [2026-01-29 18:55:00+00:00] [FIL/USDT:USDT] | Rate: 1.159 | Stake amount: 3213.867 | Coin amount: 8319.3 | Profit
(stake): -4349.267 | Profit: -2.28% | Grind profit: 2.61% (262.719 USDT)
2026-09-25 22:15:05,329 - NostalgiaForInfinityX8 - INFO - Grinding entry (grind_1_entry) [2026-01-30 01:45:00+00:00] [FIL/USDT:USDT] | Rate: 1.156 | Stake amount: 3299.992 | Profit (stake): -4349.201 
| Profit: -2.28% | Tag: g0
2026-09-25 22:15:05,345 - NostalgiaForInfinityX8 - INFO - De-risk Level 3 [2026-01-30 01:45:00+00:00] [SOL/USDT:USDT] | Rate: 113.74 | Stake amount: 3146.428 | Profit (stake): -4797.397 | Profit: 
-17.24%
2026-09-25 22:15:07,718 - NostalgiaForInfinityX8 - INFO - Grinding entry (grind_2_entry) [2026-01-30 09:00:00+00:00] [FIL/USDT:USDT] | Rate: 1.163 | Stake amount: 1649.996 | Profit (stake): -4421.154 
| Profit: -2.21% | Tag: g24
2026-09-25 22:15:07,782 - NostalgiaForInfinityX8 - INFO - Grinding entry (grind_3_entry) [2026-01-30 09:10:00+00:00] [FIL/USDT:USDT] | Rate: 1.164 | Stake amount: 1649.996 | Profit (stake): -4438.954 
| Profit: -2.16% | Tag: g24
2026-09-25 22:15:07,804 - NostalgiaForInfinityX8 - INFO - Grinding entry (grind_1_entry) [2026-01-30 09:10:00+00:00] [ADA/USDT:USDT] | Rate: 0.3227 | Stake amount: 1957.625 | Profit (stake): 22.751 | 
Profit: 0.08% | Tag: g0
2026-09-25 22:15:07,844 - NostalgiaForInfinityX8 - INFO - Grinding entry (grind_4_entry) [2026-01-30 09:20:00+00:00] [FIL/USDT:USDT] | Rate: 1.163 | Stake amount: 824.998 | Profit (stake): -4426.799 |
Profit: -2.11% | Tag: g24
2026-09-25 22:15:07,935 - NostalgiaForInfinityX8 - INFO - Grinding entry (grind_5_entry) [2026-01-30 09:30:00+00:00] [FIL/USDT:USDT] | Rate: 1.16 | Stake amount: 824.998 | Profit (stake): -4371.572 | 
Profit: -2.05% | Tag: g24
2026-09-25 22:15:08,073 - NostalgiaForInfinityX8 - INFO - Grinding entry (grind_1_entry) [2026-01-30 09:50:00+00:00] [RUNE/USDT:USDT] | Rate: 0.5089 | Stake amount: 1957.606 | Profit (stake): 68.382 |
Profit: 0.23% | Tag: g24
2026-09-25 22:15:14,401 - NostalgiaForInfinityX8 - INFO - Grinding entry (grind_1_entry) [2026-01-31 04:20:00+00:00] [AVAX/USDT:USDT] | Rate: 10.845 | Stake amount: 1973.266 | Profit (stake): 26.240 |
Profit: 0.09% | Tag: g24
2026-09-25 22:15:15,151 - NostalgiaForInfinityX8 - INFO - Grinding entry (grind_1_entry) [2026-01-31 06:30:00+00:00] [CRV/USDT:USDT] | Rate: 0.309 | Stake amount: 1973.637 | Profit (stake): 445.030 | 
Profit: 1.50% | Tag: g0
2026-09-25 22:15:15,438 - NostalgiaForInfinityX8 - INFO - Grinding entry (grind_1_entry) [2026-01-31 07:20:00+00:00] [AAVE/USDT:USDT] | Rate: 136.65 | Stake amount: 1973.355 | Profit (stake): 205.168 
| Profit: 0.69% | Tag: g0
2026-09-25 22:15:15,888 - NostalgiaForInfinityX8 - INFO - Grinding exit (grind_1_exit) [2026-01-31 08:30:00+00:00] [AVAX/USDT:USDT] | Rate: 10.552 | Stake amount: 1916.947 | Coin amount: 545.0 | 
Profit (stake): 972.278 | Profit: 2.74% | Grind profit: 2.70% (162.560 USDT)
2026-09-25 22:15:17,515 - NostalgiaForInfinityX8 - INFO - Grinding exit (grind_1_exit) [2026-01-31 13:25:00+00:00] [FIL/USDT:USDT] | Rate: 1.125 | Stake amount: 3211.462 | Coin amount: 8563.9 | Profit
(stake): -3642.645 | Profit: -1.69% | Grind profit: 2.68% (270.298 USDT)
2026-09-25 22:15:17,576 - NostalgiaForInfinityX8 - INFO - Grinding entry (grind_1_entry) [2026-01-31 13:35:00+00:00] [FIL/USDT:USDT] | Rate: 1.118 | Stake amount: 3299.992 | Profit (stake): -3553.043 
| Profit: -1.65% | Tag: g0
2026-09-25 22:15:17,616 - NostalgiaForInfinityX8 - INFO - Grinding exit (grind_2_exit) [2026-01-31 13:40:00+00:00] [FIL/USDT:USDT] | Rate: 1.117 | Stake amount: 1584.725 | Coin amount: 4256.2 | Profit
(stake): -3541.284 | Profit: -1.57% | Grind profit: 3.96% (198.162 USDT)
2026-09-25 22:15:17,834 - NostalgiaForInfinityX8 - INFO - Grinding exit (grind_3_exit) [2026-01-31 14:15:00+00:00] [FIL/USDT:USDT] | Rate: 1.114 | Stake amount: 1579.095 | Coin amount: 4252.5 | Profit
(stake): -3489.079 | Profit: -1.55% | Grind profit: 4.30% (214.994 USDT)
2026-09-25 22:15:17,903 - NostalgiaForInfinityX8 - INFO - Grinding exit (grind_4_exit) [2026-01-31 14:25:00+00:00] [FIL/USDT:USDT] | Rate: 1.097 | Stake amount: 778.175 | Coin amount: 2128.1 | Profit 
(stake): -3265.584 | Profit: -1.45% | Grind profit: 5.67% (141.622 USDT)
2026-09-25 22:15:17,942 - NostalgiaForInfinityX8 - INFO - Grinding exit (grind_1_exit) [2026-01-31 14:30:00+00:00] [FIL/USDT:USDT] | Rate: 1.078 | Stake amount: 3181.897 | Coin amount: 8855.0 | Profit
(stake): -3056.250 | Profit: -1.36% | Grind profit: 3.58% (358.973 USDT)
2026-09-25 22:15:17,963 - NostalgiaForInfinityX8 - INFO - Grinding de-risk (grind_1_derisk) [2026-01-31 14:30:00+00:00] [SAND/USDT:USDT] | Rate: 0.10641 | Stake amount: 1463.705 | Coin amount: 
41266.000 | Profit (stake): -8771.609 | Profit: -17.13% | Grind profit: -22.34% (-1265.348 USDT)
2026-09-25 22:15:17,989 - NostalgiaForInfinityX8 - INFO - Grinding exit (grind_5_exit) [2026-01-31 14:35:00+00:00] [FIL/USDT:USDT] | Rate: 1.079 | Stake amount: 766.795 | Coin amount: 2133.6 | Profit 
(stake): -3058.408 | Profit: -1.36% | Grind profit: 6.98% (173.973 USDT)
2026-09-25 22:15:18,032 - NostalgiaForInfinityX8 - INFO - Grinding de-risk (grind_2_derisk) [2026-01-31 14:40:00+00:00] [SAND/USDT:USDT] | Rate: 0.10573 | Stake amount: 733.766 | Coin amount: 
20820.000 | Profit (stake): -8824.655 | Profit: -17.24% | Grind profit: -17.24% (-626.950 USDT)
2026-09-25 22:15:18,225 - NostalgiaForInfinityX8 - INFO - Grinding entry (grind_5_entry) [2026-01-31 15:15:00+00:00] [SOL/USDT:USDT] | Rate: 109.6 | Stake amount: 479.450 | Profit (stake): -4922.707 |
Profit: -17.70% | Tag: 
2026-09-25 22:15:18,674 - NostalgiaForInfinityX8 - INFO - Grinding entry (grind_1_entry) [2026-01-31 16:30:00+00:00] [FIL/USDT:USDT] | Rate: 1.077 | Stake amount: 3299.992 | Profit (stake): -3058.361 
| Profit: -1.36% | Tag: g0
2026-09-25 22:15:18,951 - NostalgiaForInfinityX8 - INFO - Grinding exit (grind_1_exit) [2026-01-31 17:10:00+00:00] [FIL/USDT:USDT] | Rate: 1.045 | Stake amount: 3201.651 | Coin amount: 9192.1 | Profit
(stake): -2773.160 | Profit: -1.18% | Grind profit: 2.97% (298.950 USDT)
2026-09-25 22:15:19,055 - NostalgiaForInfinityX8 - INFO - Grinding entry (grind_1_entry) [2026-01-31 17:25:00+00:00] [FIL/USDT:USDT] | Rate: 1.023 | Stake amount: 3299.992 | Profit (stake): -2772.588 
| Profit: -1.18% | Tag: g0
2026-09-25 22:15:19,130 - NostalgiaForInfinityX8 - INFO - Grinding entry (grind_2_entry) [2026-01-31 17:35:00+00:00] [FIL/USDT:USDT] | Rate: 1.013 | Stake amount: 1649.996 | Profit (stake): -2685.406 
| Profit: -1.10% | Tag: g0
2026-09-25 22:15:19,149 - NostalgiaForInfinityX8 - INFO - Grinding entry (grind_4_entry) [2026-01-31 17:35:00+00:00] [SOL/USDT:USDT] | Rate: 102.98 | Stake amount: 559.358 | Profit (stake): -5212.493 
| Profit: -17.82% | Tag: 
2026-09-25 22:15:19,434 - NostalgiaForInfinityX8 - INFO - Grinding entry (grind_3_entry) [2026-01-31 18:20:00+00:00] [FIL/USDT:USDT] | Rate: 1.017 | Stake amount: 1649.996 | Profit (stake): -2748.744 
| Profit: -1.10% | Tag: g0
2026-09-25 22:15:19,538 - NostalgiaForInfinityX8 - INFO - Grinding entry (grind_4_entry) [2026-01-31 18:35:00+00:00] [FIL/USDT:USDT] | Rate: 1.014 | Stake amount: 824.998 | Profit (stake): -2695.294 |
Profit: -1.06% | Tag: g0
2026-09-25 22:15:19,561 - NostalgiaForInfinityX8 - INFO - Grinding de-risk (grind_5_derisk) [2026-01-31 18:35:00+00:00] [SAND/USDT:USDT] | Rate: 0.10011 | Stake amount: 1900.657 | Coin amount: 
57225.000 | Profit (stake): -9143.699 | Profit: -17.86% | Grind profit: -17.86% (-1624.421 USDT)
2026-09-25 22:15:19,627 - NostalgiaForInfinityX8 - INFO - Grinding entry (grind_4_entry) [2026-01-31 18:40:00+00:00] [SAND/USDT:USDT] | Rate: 0.09923 | Stake amount: 471.194 | Profit (stake): 
-9143.938 | Profit: -17.86% | Tag: 
2026-09-25 22:15:19,658 - NostalgiaForInfinityX8 - INFO - Grinding exit (grind_1_exit) [2026-01-31 18:45:00+00:00] [FIL/USDT:USDT] | Rate: 0.994 | Stake amount: 3206.412 | Coin amount: 9677.3 | Profit
(stake): -2259.596 | Profit: -0.88% | Grind profit: 2.83% (285.451 USDT)
2026-09-25 22:15:20,328 - NostalgiaForInfinityX8 - INFO - Grinding entry (grind_1_entry) [2026-01-31 20:30:00+00:00] [FIL/USDT:USDT] | Rate: 1.003 | Stake amount: 3299.992 | Profit (stake): -2369.635 
| Profit: -0.92% | Tag: g0
2026-09-25 22:15:20,791 - NostalgiaForInfinityX8 - INFO - Grinding entry (grind_1_entry) [2026-01-31 21:40:00+00:00] [BNB/USDT:USDT] | Rate: 774.93 | Stake amount: 2133.013 | Profit (stake): 1361.909 
| Profit: 4.26% | Tag: g10
2026-09-25 22:15:23,449 - NostalgiaForInfinityX8 - INFO - Grinding entry (grind_5_entry) [2026-02-01 05:30:00+00:00] [FIL/USDT:USDT] | Rate: 1.065 | Stake amount: 824.998 | Profit (stake): -3750.088 |
Profit: -1.40% | Tag: 
2026-09-25 22:15:29,490 - NostalgiaForInfinityX8 - INFO - Grinding entry (grind_1_entry) [2026-02-01 21:45:00+00:00] [ETH/USDT:USDT] | Rate: 2306.84 | Stake amount: 2214.624 | Profit (stake): -34.790 
| Profit: -0.10% | Tag: g0
2026-09-25 22:15:30,009 - NostalgiaForInfinityX8 - INFO - Grinding exit (grind_1_exit) [2026-02-01 23:10:00+00:00] [ETH/USDT:USDT] | Rate: 2236.4 | Stake amount: 2146.944 | Coin amount: 2.88 | Profit 
(stake): 1176.378 | Profit: 2.95% | Grind profit: 3.05% (206.088 USDT)
2026-09-25 22:15:31,502 - NostalgiaForInfinityX8 - INFO - Grinding entry (grind_1_entry) [2026-02-02 03:15:00+00:00] [AVAX/USDT:USDT] | Rate: 9.794 | Stake amount: 2218.462 | Profit (stake): 55.058 | 
Profit: 0.17% | Tag: g0
2026-09-25 22:15:31,670 - NostalgiaForInfinityX8 - INFO - Grinding exit (grind_1_exit) [2026-02-02 03:40:00+00:00] [AVAX/USDT:USDT] | Rate: 9.533 | Stake amount: 2157.636 | Coin amount: 679.0 | Profit
(stake): 1110.425 | Profit: 2.78% | Grind profit: 2.66% (180.455 USDT)
2026-09-25 22:15:48,107 - NostalgiaForInfinityX8 - INFO - Grinding entry (grind_4_entry) [2026-02-03 21:05:00+00:00] [FIL/USDT:USDT] | Rate: 1.11 | Stake amount: 989.998 | Profit (stake): -4867.894 | 
Profit: -1.81% | Tag: 
2026-09-25 22:15:54,535 - NostalgiaForInfinityX8 - INFO - Grinding entry (grind_1_entry) [2026-02-04 13:05:00+00:00] [AXS/USDT:USDT] | Rate: 1.556 | Stake amount: 2392.279 | Profit (stake): -28.307 | 
Profit: -0.08% | Tag: g0
2026-09-25 22:15:54,865 - NostalgiaForInfinityX8 - INFO - Grinding entry (grind_1_entry) [2026-02-04 14:00:00+00:00] [RUNE/USDT:USDT] | Rate: 0.448 | Stake amount: 2372.098 | Profit (stake): 343.633 |
Profit: 0.97% | Tag: g0
2026-09-25 22:15:56,203 - NostalgiaForInfinityX8 - INFO - Grinding entry (grind_1_entry) [2026-02-04 17:30:00+00:00] [BNB/USDT:USDT] | Rate: 719.73 | Stake amount: 2300.894 | Profit (stake): 399.903 |
Profit: 1.16% | Tag: g0
2026-09-25 22:16:00,327 - NostalgiaForInfinityX8 - INFO - Grinding entry (grind_1_entry) [2026-02-05 04:30:00+00:00] [LINK/USDT:USDT] | Rate: 9.074 | Stake amount: 2414.674 | Profit (stake): 31.118 | 
Profit: 0.09% | Tag: g0
2026-09-25 22:16:00,604 - NostalgiaForInfinityX8 - INFO - Grinding entry (grind_1_entry) [2026-02-05 05:10:00+00:00] [BTC/USDT:USDT] | Rate: 70690.1 | Stake amount: 2452.705 | Profit (stake): 776.340 
| Profit: 2.11% | Tag: g0
2026-09-25 22:16:03,009 - NostalgiaForInfinityX8 - INFO - Grinding exit (grind_4_exit) [2026-02-05 11:15:00+00:00] [FIL/USDT:USDT] | Rate: 1.005 | Stake amount: 1713.994 | Coin amount: 5116.4 | Profit
(stake): -2023.653 | Profit: -0.74% | Grind profit: 5.56% (305.476 USDT)
2026-09-25 22:16:03,084 - NostalgiaForInfinityX8 - INFO - Grinding exit (grind_5_exit) [2026-02-05 11:25:00+00:00] [FIL/USDT:USDT] | Rate: 0.992 | Stake amount: 768.436 | Coin amount: 2323.9 | Profit 
(stake): -1737.850 | Profit: -0.64% | Grind profit: 6.85% (170.797 USDT)
2026-09-25 22:16:03,241 - NostalgiaForInfinityX8 - INFO - Grinding entry (grind_5_entry) [2026-02-05 11:45:00+00:00] [SAND/USDT:USDT] | Rate: 0.09282 | Stake amount: 471.194 | Profit (stake): 
-9235.456 | Profit: -17.55% | Tag: 
2026-09-25 22:16:03,374 - NostalgiaForInfinityX8 - INFO - Grinding entry (grind_1_entry) [2026-02-05 12:10:00+00:00] [ETH/USDT:USDT] | Rate: 2076.03 | Stake amount: 2416.499 | Profit (stake): 81.943 |
Profit: 0.23% | Tag: g0
2026-09-25 22:16:03,682 - NostalgiaForInfinityX8 - INFO - Grinding entry (grind_4_entry) [2026-02-05 12:55:00+00:00] [FIL/USDT:USDT] | Rate: 0.989 | Stake amount: 824.998 | Profit (stake): -1678.871 |
Profit: -0.62% | Tag: g0
2026-09-25 22:16:03,831 - NostalgiaForInfinityX8 - INFO - Grinding entry (grind_5_entry) [2026-02-05 13:15:00+00:00] [FIL/USDT:USDT] | Rate: 0.993 | Stake amount: 824.998 | Profit (stake): -1770.000 |
Profit: -0.64% | Tag: g0
2026-09-25 22:16:04,636 - NostalgiaForInfinityX8 - INFO - Grinding exit (grind_1_exit) [2026-02-05 15:15:00+00:00] [FIL/USDT:USDT] | Rate: 0.962 | Stake amount: 3165.076 | Coin amount: 9870.3 | Profit
(stake): -1008.104 | Profit: -0.36% | Grind profit: 4.09% (409.430 USDT)
2026-09-25 22:16:04,678 - NostalgiaForInfinityX8 - INFO - Grinding exit (grind_2_exit) [2026-02-05 15:20:00+00:00] [FIL/USDT:USDT] | Rate: 0.968 | Stake amount: 1576.678 | Coin amount: 4886.4 | Profit
(stake): -1096.796 | Profit: -0.40% | Grind profit: 4.44% (222.253 USDT)
2026-09-25 22:16:04,696 - NostalgiaForInfinityX8 - INFO - Grinding entry (grind_4_entry) [2026-02-05 15:20:00+00:00] [SAND/USDT:USDT] | Rate: 0.08713 | Stake amount: 565.433 | Profit (stake): 
-9406.034 | Profit: -17.41% | Tag: 
2026-09-25 22:16:04,725 - NostalgiaForInfinityX8 - INFO - Grinding exit (grind_3_exit) [2026-02-05 15:25:00+00:00] [FIL/USDT:USDT] | Rate: 0.949 | Stake amount: 1539.658 | Coin amount: 4867.2 | Profit
(stake): -908.828 | Profit: -0.33% | Grind profit: 6.69% (333.279 USDT)
2026-09-25 22:16:04,768 - NostalgiaForInfinityX8 - INFO - Grinding exit (grind_4_exit) [2026-02-05 15:30:00+00:00] [FIL/USDT:USDT] | Rate: 0.938 | Stake amount: 782.448 | Coin amount: 2502.5 | Profit 
(stake): -853.570 | Profit: -0.31% | Grind profit: 5.16% (128.801 USDT)
2026-09-25 22:16:05,322 - NostalgiaForInfinityX8 - INFO - Grinding entry (grind_1_entry) [2026-02-05 17:20:00+00:00] [FIL/USDT:USDT] | Rate: 0.932 | Stake amount: 3299.992 | Profit (stake): -839.301 |
Profit: -0.30% | Tag: g0
2026-09-25 22:16:05,468 - NostalgiaForInfinityX8 - INFO - Grinding entry (grind_2_entry) [2026-02-05 17:50:00+00:00] [FIL/USDT:USDT] | Rate: 0.937 | Stake amount: 1649.996 | Profit (stake): -914.937 |
Profit: -0.32% | Tag: g0
2026-09-25 22:16:06,353 - NostalgiaForInfinityX8 - INFO - Grinding entry (grind_5_entry) [2026-02-05 19:45:00+00:00] [SAND/USDT:USDT] | Rate: 0.08177 | Stake amount: 565.433 | Profit (stake): 
-9671.181 | Profit: -17.36% | Tag: 
2026-09-25 22:16:06,556 - NostalgiaForInfinityX8 - INFO - Grinding entry (grind_3_entry) [2026-02-05 20:15:00+00:00] [FIL/USDT:USDT] | Rate: 0.922 | Stake amount: 1649.996 | Profit (stake): -643.397 |
Profit: -0.22% | Tag: g0
2026-09-25 22:16:06,612 - NostalgiaForInfinityX8 - INFO - Grinding exit (grind_1_exit) [2026-02-05 20:20:00+00:00] [FIL/USDT:USDT] | Rate: 0.904 | Stake amount: 3200.823 | Coin amount: 10622.2 | 
Profit (stake): -219.875 | Profit: -0.07% | Grind profit: 3.00% (302.223 USDT)
2026-09-25 22:16:06,658 - NostalgiaForInfinityX8 - INFO - Grinding exit (grind_2_exit) [2026-02-05 20:25:00+00:00] [FIL/USDT:USDT] | Rate: 0.892 | Stake amount: 1570.753 | Coin amount: 5282.8 | Profit
(stake): -61.758 | Profit: -0.02% | Grind profit: 4.80% (240.082 USDT)
2026-09-25 22:16:06,703 - NostalgiaForInfinityX8 - INFO - Grinding exit (grind_5_exit) [2026-02-05 20:30:00+00:00] [FIL/USDT:USDT] | Rate: 0.887 | Stake amount: 736.920 | Coin amount: 2492.4 | Profit 
(stake): -22.302 | Profit: -0.01% | Grind profit: 10.67% (265.300 USDT)
2026-09-25 22:16:06,854 - NostalgiaForInfinityX8 - INFO - Grinding entry (grind_1_entry) [2026-02-05 20:50:00+00:00] [FIL/USDT:USDT] | Rate: 0.887 | Stake amount: 3299.992 | Profit (stake): -22.302 | 
Profit: -0.01% | Tag: g0
2026-09-25 22:16:06,910 - NostalgiaForInfinityX8 - INFO - Grinding exit (grind_3_exit) [2026-02-05 20:55:00+00:00] [FIL/USDT:USDT] | Rate: 0.879 | Stake amount: 1573.029 | Coin amount: 5368.7 | Profit
(stake): 100.311 | Profit: 0.03% | Grind profit: 4.66% (233.214 USDT)
2026-09-25 22:16:08,151 - NostalgiaForInfinityX8 - INFO - Grinding entry (grind_2_entry) [2026-02-05 23:55:00+00:00] [FIL/USDT:USDT] | Rate: 0.881 | Stake amount: 1649.996 | Profit (stake): 77.925 | 
Profit: 0.03% | Tag: g0
2026-09-25 22:16:08,243 - NostalgiaForInfinityX8 - INFO - Grinding entry (grind_3_entry) [2026-02-06 00:05:00+00:00] [FIL/USDT:USDT] | Rate: 0.876 | Stake amount: 1649.996 | Profit (stake): 153.222 | 
Profit: 0.05% | Tag: g0
2026-09-25 22:16:08,327 - NostalgiaForInfinityX8 - INFO - Grinding exit (grind_1_exit) [2026-02-06 00:15:00+00:00] [FIL/USDT:USDT] | Rate: 0.815 | Stake amount: 3032.099 | Coin amount: 11161.1 | 
Profit (stake): 1518.803 | Profit: 0.48% | Grind profit: 8.12% (808.147 USDT)
2026-09-25 22:16:08,401 - NostalgiaForInfinityX8 - INFO - Grinding exit (grind_2_exit) [2026-02-06 00:20:00+00:00] [FIL/USDT:USDT] | Rate: 0.778 | Stake amount: 1457.090 | Coin amount: 5618.6 | Profit
(stake): 1936.942 | Profit: 0.61% | Grind profit: 11.69% (580.901 USDT)
2026-09-25 22:16:08,435 - NostalgiaForInfinityX8 - INFO - Grinding de-risk (grind_4_derisk) [2026-02-06 00:20:00+00:00] [SAND/USDT:USDT] | Rate: 0.07043 | Stake amount: 791.469 | Coin amount: 
33713.000 | Profit (stake): -10465.641 | Profit: -18.23% | Grind profit: -23.65% (-736.559 USDT)
2026-09-25 22:16:08,475 - NostalgiaForInfinityX8 - INFO - Grinding entry (grind_4_entry) [2026-02-06 00:30:00+00:00] [SAND/USDT:USDT] | Rate: 0.07336 | Stake amount: 471.194 | Profit (stake): 
-10359.496 | Profit: -18.04% | Tag: 
2026-09-25 22:16:08,508 - NostalgiaForInfinityX8 - INFO - Grinding exit (grind_4_exit) [2026-02-06 00:50:00+00:00] [SAND/USDT:USDT] | Rate: 0.07796 | Stake amount: 500.737 | Coin amount: 19269.0 | 
Profit (stake): -10105.673 | Profit: -17.18% | Grind profit: 6.27% (87.886 USDT)
2026-09-25 22:16:12,455 - NostalgiaForInfinityX8 - INFO - De-risk Level 1 [2026-02-06 16:15:00+00:00] [GALA/USDT:USDT] | Rate: 0.00426 | Stake amount: 4021.197 | Profit (stake): -6432.085 | Profit: 
-11.93%
2026-09-25 22:16:12,591 - NostalgiaForInfinityX8 - INFO - De-risk Level 1 [2026-02-06 16:45:00+00:00] [AVAX/USDT:USDT] | Rate: 9.247 | Stake amount: 4011.965 | Profit (stake): -6310.575 | Profit: 
-11.71%
2026-09-25 22:16:12,650 - NostalgiaForInfinityX8 - INFO - De-risk Level 1 [2026-02-06 16:55:00+00:00] [DOT/USDT:USDT] | Rate: 1.381 | Stake amount: 4018.333 | Profit (stake): -6417.558 | Profit: 
-11.90%
2026-09-25 22:16:12,821 - NostalgiaForInfinityX8 - INFO - De-risk Level 1 [2026-02-06 17:30:00+00:00] [FIL/USDT:USDT] | Rate: 0.979 | Stake amount: 4019.284 | Profit (stake): -6406.673 | Profit: 
-11.88%
2026-09-25 22:16:12,857 - NostalgiaForInfinityX8 - INFO - De-risk Level 1 [2026-02-06 17:35:00+00:00] [DOGE/USDT:USDT] | Rate: 0.10153 | Stake amount: 4044.062 | Profit (stake): -6750.222 | Profit: 
-12.51%
2026-09-25 22:16:14,284 - NostalgiaForInfinityX8 - INFO - Grinding entry (grind_5_entry) [2026-02-06 22:20:00+00:00] [GALA/USDT:USDT] | Rate: 0.00432 | Stake amount: 899.106 | Profit (stake): 
-7112.064 | Profit: -13.19% | Tag: 
2026-09-25 22:16:14,546 - NostalgiaForInfinityX8 - INFO - Grinding entry (grind_5_entry) [2026-02-06 23:15:00+00:00] [AVAX/USDT:USDT] | Rate: 9.277 | Stake amount: 898.972 | Profit (stake): -6466.863 
| Profit: -12.00% | Tag: 
2026-09-25 22:16:14,559 - NostalgiaForInfinityX8 - INFO - Grinding entry (grind_5_entry) [2026-02-06 23:15:00+00:00] [DOT/USDT:USDT] | Rate: 1.371 | Stake amount: 899.106 | Profit (stake): -6068.215 |
Profit: -11.25% | Tag: 
2026-09-25 22:16:14,830 - NostalgiaForInfinityX8 - INFO - Grinding entry (grind_5_entry) [2026-02-07 00:00:00+00:00] [DOGE/USDT:USDT] | Rate: 0.09843 | Stake amount: 899.588 | Profit (stake): 
-5267.512 | Profit: -9.76% | Tag: 
2026-09-25 22:16:14,848 - NostalgiaForInfinityX8 - INFO - Grinding entry (grind_5_entry) [2026-02-07 00:05:00+00:00] [FIL/USDT:USDT] | Rate: 0.971 | Stake amount: 899.105 | Profit (stake): -6016.323 |
Profit: -11.16% | Tag: 
2026-09-25 22:16:17,325 - NostalgiaForInfinityX8 - INFO - Grinding entry (grind_1_entry) [2026-02-07 08:00:00+00:00] [DOGE/USDT:USDT] | Rate: 0.09578 | Stake amount: 3598.351 | Profit (stake): 
-3929.831 | Profit: -6.94% | Tag: g0
2026-09-25 22:16:17,370 - NostalgiaForInfinityX8 - INFO - Grinding entry (grind_1_entry) [2026-02-07 08:10:00+00:00] [GALA/USDT:USDT] | Rate: 0.00414 | Stake amount: 3596.423 | Profit (stake): 
-4970.682 | Profit: -8.78% | Tag: g0
2026-09-25 22:16:17,760 - NostalgiaForInfinityX8 - INFO - Grinding entry (grind_1_entry) [2026-02-07 09:30:00+00:00] [AVAX/USDT:USDT] | Rate: 9.039 | Stake amount: 3595.887 | Profit (stake): -5168.366
| Profit: -9.13% | Tag: g0
2026-09-25 22:16:17,873 - NostalgiaForInfinityX8 - INFO - Grinding entry (grind_1_entry) [2026-02-07 09:50:00+00:00] [DOT/USDT:USDT] | Rate: 1.332 | Stake amount: 3596.422 | Profit (stake): -4627.639 
| Profit: -8.17% | Tag: g0
2026-09-25 22:16:19,508 - NostalgiaForInfinityX8 - INFO - Grinding entry (grind_1_entry) [2026-02-07 15:00:00+00:00] [FIL/USDT:USDT] | Rate: 0.965 | Stake amount: 3596.418 | Profit (stake): -5705.075 
| Profit: -10.08% | Tag: g0
2026-09-25 22:16:19,582 - NostalgiaForInfinityX8 - INFO - Grinding exit (grind_5_exit) [2026-02-07 15:15:00+00:00] [SAND/USDT:USDT] | Rate: 0.09192 | Stake amount: 1101.505 | Coin amount: 35973.0 | 
Profit (stake): -9598.040 | Profit: -16.31% | Grind profit: 6.33% (195.192 USDT)
2026-09-25 22:16:27,981 - NostalgiaForInfinityX8 - INFO - Grinding exit (grind_1_exit) [2026-02-08 16:40:00+00:00] [FIL/USDT:USDT] | Rate: 0.937 | Stake amount: 3492.043 | Coin amount: 11180.5 | 
Profit (stake): -3956.254 | Profit: -5.87% | Grind profit: 2.90% (318.292 USDT)
2026-09-25 22:16:33,339 - NostalgiaForInfinityX8 - INFO - Grinding exit (grind_5_exit) [2026-02-09 08:35:00+00:00] [GALA/USDT:USDT] | Rate: 0.00404 | Stake amount: 840.829 | Coin amount: 624378.0 | 
Profit (stake): -3496.918 | Profit: -5.19% | Grind profit: 6.48% (176.087 USDT)
2026-09-25 22:16:33,368 - NostalgiaForInfinityX8 - INFO - Grinding entry (grind_1_entry) [2026-02-09 08:40:00+00:00] [FIL/USDT:USDT] | Rate: 0.918 | Stake amount: 3596.418 | Profit (stake): -2979.939 
| Profit: -4.42% | Tag: g24
2026-09-25 22:16:33,751 - NostalgiaForInfinityX8 - INFO - Grinding exit (grind_5_exit) [2026-02-09 09:40:00+00:00] [FIL/USDT:USDT] | Rate: 0.908 | Stake amount: 840.747 | Coin amount: 2777.8 | Profit 
(stake): -2352.440 | Profit: -3.01% | Grind profit: 6.49% (176.263 USDT)
2026-09-25 22:16:33,758 - NostalgiaForInfinityX8 - INFO - Grinding exit (grind_1_exit) [2026-02-09 09:40:00+00:00] [GALA/USDT:USDT] | Rate: 0.00402 | Stake amount: 3492.178 | Coin amount: 2606103.0 | 
Profit (stake): -3218.110 | Profit: -4.77% | Grind profit: 2.90% (317.971 USDT)
2026-09-25 22:16:33,765 - NostalgiaForInfinityX8 - INFO - Grinding exit (grind_1_exit) [2026-02-09 09:40:00+00:00] [DOT/USDT:USDT] | Rate: 1.296 | Stake amount: 3499.200 | Coin amount: 8100.0 | Profit
(stake): -3038.713 | Profit: -4.51% | Grind profit: 2.70% (296.849 USDT)
2026-09-25 22:16:34,010 - NostalgiaForInfinityX8 - INFO - Grinding exit (grind_1_exit) [2026-02-09 10:25:00+00:00] [AVAX/USDT:USDT] | Rate: 8.784 | Stake amount: 3493.104 | Coin amount: 1193.0 | 
Profit (stake): -3483.436 | Profit: -5.17% | Grind profit: 2.82% (309.455 USDT)
2026-09-25 22:16:34,032 - NostalgiaForInfinityX8 - INFO - Grinding exit (grind_5_exit) [2026-02-09 10:25:00+00:00] [DOT/USDT:USDT] | Rate: 1.287 | Stake amount: 844.015 | Coin amount: 1967.4 | Profit 
(stake): -2706.589 | Profit: -4.02% | Grind profit: 6.13% (166.528 USDT)
2026-09-25 22:16:34,098 - NostalgiaForInfinityX8 - INFO - Grinding exit (grind_1_exit) [2026-02-09 10:35:00+00:00] [DOGE/USDT:USDT] | Rate: 0.09302 | Stake amount: 3494.637 | Coin amount: 112706.0 | 
Profit (stake): -2240.845 | Profit: -3.32% | Grind profit: 2.88% (316.311 USDT)
2026-09-25 22:16:34,147 - NostalgiaForInfinityX8 - INFO - Grinding exit (grind_1_exit) [2026-02-09 10:45:00+00:00] [FIL/USDT:USDT] | Rate: 0.894 | Stake amount: 3502.394 | Coin amount: 11753.0 | 
Profit (stake): -1497.746 | Profit: -1.92% | Grind profit: 2.61% (287.326 USDT)
2026-09-25 22:16:36,503 - NostalgiaForInfinityX8 - INFO - Grinding entry (grind_1_entry) [2026-02-09 17:40:00+00:00] [SAND/USDT:USDT] | Rate: 0.08759 | Stake amount: 1884.776 | Profit (stake): 
-9599.223 | Profit: -16.32% | Tag: g0
2026-09-25 22:16:37,580 - NostalgiaForInfinityX8 - INFO - Grinding entry (grind_1_entry) [2026-02-09 21:35:00+00:00] [DOT/USDT:USDT] | Rate: 1.311 | Stake amount: 3596.422 | Profit (stake): -3553.773 
| Profit: -5.27% | Tag: g0
2026-09-25 22:16:37,587 - NostalgiaForInfinityX8 - INFO - Grinding entry (grind_1_entry) [2026-02-09 21:35:00+00:00] [DOGE/USDT:USDT] | Rate: 0.09537 | Stake amount: 3598.351 | Profit (stake): 
-3428.605 | Profit: -5.08% | Tag: g0
2026-09-25 22:16:40,342 - NostalgiaForInfinityX8 - INFO - Grinding exit (grind_1_exit) [2026-02-10 06:50:00+00:00] [DOT/USDT:USDT] | Rate: 1.276 | Stake amount: 3500.366 | Coin amount: 8229.7 | Profit
(stake): -2047.987 | Profit: -2.62% | Grind profit: 2.67% (293.290 USDT)
2026-09-25 22:16:41,474 - NostalgiaForInfinityX8 - INFO - Grinding entry (grind_1_entry) [2026-02-10 10:35:00+00:00] [GALA/USDT:USDT] | Rate: 0.00398 | Stake amount: 3596.423 | Profit (stake): 
-2797.013 | Profit: -4.15% | Tag: g0
2026-09-25 22:16:41,866 - NostalgiaForInfinityX8 - INFO - Grinding exit (grind_1_exit) [2026-02-10 11:55:00+00:00] [DOGE/USDT:USDT] | Rate: 0.09279 | Stake amount: 3500.998 | Coin amount: 113191.0 | 
Profit (stake): -1842.583 | Profit: -2.36% | Grind profit: 2.71% (297.284 USDT)
2026-09-25 22:16:41,884 - NostalgiaForInfinityX8 - INFO - Grinding entry (grind_1_entry) [2026-02-10 12:00:00+00:00] [FIL/USDT:USDT] | Rate: 0.912 | Stake amount: 3596.418 | Profit (stake): -2412.734 
| Profit: -3.09% | Tag: g0
2026-09-25 22:16:42,754 - NostalgiaForInfinityX8 - INFO - Grinding exit (grind_5_exit) [2026-02-10 14:50:00+00:00] [DOGE/USDT:USDT] | Rate: 0.09209 | Stake amount: 841.641 | Coin amount: 27418.0 | 
Profit (stake): -1488.631 | Profit: -1.90% | Grind profit: 6.44% (175.093 USDT)
2026-09-25 22:16:42,915 - NostalgiaForInfinityX8 - INFO - Grinding entry (grind_1_entry) [2026-02-10 15:25:00+00:00] [AVAX/USDT:USDT] | Rate: 8.786 | Stake amount: 3595.887 | Profit (stake): -3499.746
| Profit: -5.19% | Tag: g24
2026-09-25 22:16:43,855 - NostalgiaForInfinityX8 - INFO - Grinding exit (grind_5_exit) [2026-02-10 18:35:00+00:00] [AVAX/USDT:USDT] | Rate: 8.695 | Stake amount: 840.517 | Coin amount: 290.0 | Profit 
(stake): -2904.037 | Profit: -3.72% | Grind profit: 6.27% (170.041 USDT)
2026-09-25 22:16:43,864 - NostalgiaForInfinityX8 - INFO - Grinding exit (grind_1_exit) [2026-02-10 18:35:00+00:00] [FIL/USDT:USDT] | Rate: 0.888 | Stake amount: 3501.769 | Coin amount: 11830.3 | 
Profit (stake): -958.134 | Profit: -1.08% | Grind profit: 2.63% (289.180 USDT)
2026-09-25 22:16:44,922 - NostalgiaForInfinityX8 - INFO - Grinding entry (grind_1_entry) [2026-02-10 22:00:00+00:00] [DOGE/USDT:USDT] | Rate: 0.09261 | Stake amount: 3598.351 | Profit (stake): 
-1741.938 | Profit: -2.23% | Tag: g24
2026-09-25 22:16:47,483 - NostalgiaForInfinityX8 - INFO - Grinding exit (grind_1_exit) [2026-02-11 06:20:00+00:00] [GALA/USDT:USDT] | Rate: 0.00385 | Stake amount: 3478.951 | Coin amount: 2710871.0 | 
Profit (stake): -998.519 | Profit: -1.28% | Grind profit: 3.27% (357.632 USDT)
2026-09-25 22:16:47,614 - NostalgiaForInfinityX8 - INFO - Grinding entry (grind_2_entry) [2026-02-11 06:45:00+00:00] [DOGE/USDT:USDT] | Rate: 0.09069 | Stake amount: 1799.175 | Profit (stake): 
-611.455 | Profit: -0.69% | Tag: g0
2026-09-25 22:16:47,653 - NostalgiaForInfinityX8 - INFO - Grinding exit (grind_1_exit) [2026-02-11 06:55:00+00:00] [AVAX/USDT:USDT] | Rate: 8.557 | Stake amount: 3499.813 | Coin amount: 1227.0 | 
Profit (stake): -2013.365 | Profit: -2.58% | Grind profit: 2.61% (286.233 USDT)
2026-09-25 22:16:48,854 - NostalgiaForInfinityX8 - INFO - Grinding exit (grind_1_exit) [2026-02-11 10:45:00+00:00] [DOGE/USDT:USDT] | Rate: 0.0895 | Stake amount: 3477.493 | Coin amount: 116564.0 | 
Profit (stake): 157.821 | Profit: 0.17% | Grind profit: 3.36% (367.730 USDT)
2026-09-25 22:16:49,874 - NostalgiaForInfinityX8 - INFO - Grinding entry (grind_1_entry) [2026-02-11 14:05:00+00:00] [AAVE/USDT:USDT] | Rate: 109.62 | Stake amount: 3052.009 | Profit (stake): -382.091
| Profit: -0.83% | Tag: g0
2026-09-25 22:16:50,184 - NostalgiaForInfinityX8 - INFO - Grinding entry (grind_1_entry) [2026-02-11 15:05:00+00:00] [GALA/USDT:USDT] | Rate: 0.00388 | Stake amount: 3596.423 | Profit (stake): 
-1344.463 | Profit: -1.72% | Tag: g24
2026-09-25 22:16:53,347 - NostalgiaForInfinityX8 - INFO - Grinding entry (grind_1_entry) [2026-02-12 00:30:00+00:00] [AVAX/USDT:USDT] | Rate: 8.696 | Stake amount: 3595.887 | Profit (stake): -2761.919
| Profit: -3.53% | Tag: g24
2026-09-25 22:16:59,615 - NostalgiaForInfinityX8 - INFO - Grinding entry (grind_4_entry) [2026-02-12 17:15:00+00:00] [SOL/USDT:USDT] | Rate: 77.78 | Stake amount: 862.728 | Profit (stake): -3168.478 |
Profit: -6.12% | Tag: 
2026-09-25 22:17:07,442 - NostalgiaForInfinityX8 - INFO - Grinding exit (grind_4_exit) [2026-02-13 15:15:00+00:00] [SOL/USDT:USDT] | Rate: 82.27 | Stake amount: 912.374 | Coin amount: 33.27 | Profit 
(stake): -214.114 | Profit: -0.39% | Grind profit: 5.77% (148.014 USDT)
2026-09-25 22:17:12,436 - NostalgiaForInfinityX8 - INFO - De-risk Level 1 [2026-02-14 11:25:00+00:00] [ALGO/USDT:USDT] | Rate: 0.0984 | Stake amount: 3927.675 | Profit (stake): -6211.712 | Profit: 
-11.78%
2026-09-25 22:17:13,616 - NostalgiaForInfinityX8 - INFO - Grinding entry (grind_5_entry) [2026-02-14 15:20:00+00:00] [DOT/USDT:USDT] | Rate: 1.39 | Stake amount: 899.106 | Profit (stake): -6074.475 | 
Profit: -7.77% | Tag: 
2026-09-25 22:17:14,209 - NostalgiaForInfinityX8 - INFO - Grinding entry (grind_5_entry) [2026-02-14 17:45:00+00:00] [ALGO/USDT:USDT] | Rate: 0.0992 | Stake amount: 879.137 | Profit (stake): -6590.370
| Profit: -12.50% | Tag: 
2026-09-25 22:17:22,740 - NostalgiaForInfinityX8 - INFO - Grinding entry (grind_1_entry) [2026-02-15 23:10:00+00:00] [ALGO/USDT:USDT] | Rate: 0.0948 | Stake amount: 3516.546 | Profit (stake): 
-4362.484 | Profit: -7.88% | Tag: g0
2026-09-25 22:17:25,274 - NostalgiaForInfinityX8 - INFO - Grinding entry (grind_1_entry) [2026-02-16 07:00:00+00:00] [DOT/USDT:USDT] | Rate: 1.354 | Stake amount: 3596.422 | Profit (stake): -4738.477 
| Profit: -5.86% | Tag: g24
2026-09-25 22:17:33,296 - NostalgiaForInfinityX8 - INFO - Grinding exit (grind_5_exit) [2026-02-17 10:20:00+00:00] [ALGO/USDT:USDT] | Rate: 0.0928 | Stake amount: 822.415 | Coin amount: 26586.7 | 
Profit (stake): -3157.267 | Profit: -4.79% | Grind profit: 6.45% (171.389 USDT)
2026-09-25 22:17:41,444 - NostalgiaForInfinityX8 - INFO - Grinding exit (grind_1_exit) [2026-02-18 13:50:00+00:00] [ALGO/USDT:USDT] | Rate: 0.0921 | Stake amount: 3416.391 | Coin amount: 111283.1 | 
Profit (stake): -2741.333 | Profit: -4.16% | Grind profit: 2.85% (305.589 USDT)
2026-09-25 22:17:41,474 - NostalgiaForInfinityX8 - INFO - Grinding entry (grind_1_entry) [2026-02-18 13:55:00+00:00] [AXS/USDT:USDT] | Rate: 1.315 | Stake amount: 3723.447 | Profit (stake): -1449.451 
| Profit: -2.60% | Tag: g0
2026-09-25 22:17:42,912 - NostalgiaForInfinityX8 - INFO - Grinding exit (grind_1_exit) [2026-02-18 18:45:00+00:00] [DOT/USDT:USDT] | Rate: 1.317 | Stake amount: 3498.128 | Coin amount: 7968.4 | Profit
(stake): -3124.695 | Profit: -3.41% | Grind profit: 2.73% (300.078 USDT)
2026-09-25 22:17:43,184 - NostalgiaForInfinityX8 - INFO - Grinding exit (grind_5_exit) [2026-02-18 19:40:00+00:00] [DOT/USDT:USDT] | Rate: 1.305 | Stake amount: 844.117 | Coin amount: 1940.5 | Profit 
(stake): -2682.186 | Profit: -2.93% | Grind profit: 6.12% (166.209 USDT)
2026-09-25 22:17:43,973 - NostalgiaForInfinityX8 - INFO - Grinding exit (grind_1_exit) [2026-02-18 22:15:00+00:00] [AXS/USDT:USDT] | Rate: 1.276 | Stake amount: 3612.781 | Coin amount: 8494.0 | Profit
(stake): -38.493 | Profit: -0.06% | Grind profit: 2.97% (336.685 USDT)
2026-09-25 22:17:44,837 - NostalgiaForInfinityX8 - INFO - Grinding entry (grind_1_entry) [2026-02-19 01:00:00+00:00] [ALGO/USDT:USDT] | Rate: 0.0904 | Stake amount: 3516.546 | Profit (stake): 
-1931.946 | Profit: -2.93% | Tag: g0
2026-09-25 22:17:48,156 - NostalgiaForInfinityX8 - INFO - Grinding entry (grind_1_entry) [2026-02-19 12:00:00+00:00] [AAVE/USDT:USDT] | Rate: 122.44 | Stake amount: 3743.229 | Profit (stake): 154.154 
| Profit: 0.27% | Tag: g24
2026-09-25 22:17:48,675 - NostalgiaForInfinityX8 - INFO - Grinding exit (grind_1_exit) [2026-02-19 13:45:00+00:00] [GALA/USDT:USDT] | Rate: 0.00376 | Stake amount: 3485.193 | Coin amount: 2780739.0 | 
Profit (stake): 317.128 | Profit: 0.36% | Grind profit: 3.09% (338.916 USDT)
2026-09-25 22:17:49,364 - NostalgiaForInfinityX8 - INFO - Grinding exit (grind_1_exit) [2026-02-19 15:55:00+00:00] [ALGO/USDT:USDT] | Rate: 0.0877 | Stake amount: 3411.515 | Coin amount: 116699.5 | 
Profit (stake): -332.544 | Profit: -0.44% | Grind profit: 2.99% (320.206 USDT)
2026-09-25 22:17:49,450 - NostalgiaForInfinityX8 - INFO - Grinding entry (grind_1_entry) [2026-02-19 16:10:00+00:00] [DOT/USDT:USDT] | Rate: 1.264 | Stake amount: 3596.422 | Profit (stake): -1280.329 
| Profit: -1.40% | Tag: g0
2026-09-25 22:17:52,649 - NostalgiaForInfinityX8 - INFO - De-risk Level 1 [2026-02-20 02:45:00+00:00] [AXS/USDT:USDT] | Rate: 1.333 | Stake amount: 4237.518 | Profit (stake): -7025.094 | Profit: 
-12.21%
2026-09-25 22:17:54,726 - NostalgiaForInfinityX8 - INFO - Grinding entry (grind_1_entry) [2026-02-20 09:05:00+00:00] [XRP/USDT:USDT] | Rate: 1.4256 | Stake amount: 3747.634 | Profit (stake): -2497.331
| Profit: -4.44% | Tag: g0
2026-09-25 22:17:54,930 - NostalgiaForInfinityX8 - INFO - Grinding entry (grind_5_entry) [2026-02-20 09:45:00+00:00] [AXS/USDT:USDT] | Rate: 1.291 | Stake amount: 959.243 | Profit (stake): -6298.428 |
Profit: -10.95% | Tag: 
2026-09-25 22:17:55,916 - NostalgiaForInfinityX8 - INFO - Grinding entry (grind_1_entry) [2026-02-20 13:30:00+00:00] [ALGO/USDT:USDT] | Rate: 0.089 | Stake amount: 3516.546 | Profit (stake): -990.187 
| Profit: -1.30% | Tag: g24
2026-09-25 22:18:04,312 - NostalgiaForInfinityX8 - INFO - De-risk Level 2 [2026-02-21 19:20:00+00:00] [AXS/USDT:USDT] | Rate: 1.362 | Stake amount: 6494.561 | Profit (stake): -10453.835 | Profit: 
-17.31%
2026-09-25 22:18:05,503 - NostalgiaForInfinityX8 - INFO - Grinding entry (grind_4_entry) [2026-02-22 00:10:00+00:00] [INJ/USDT:USDT] | Rate: 3.69 | Stake amount: 769.172 | Profit (stake): -3356.802 | 
Profit: -7.27% | Tag: 
2026-09-25 22:18:06,510 - NostalgiaForInfinityX8 - INFO - Grinding entry (grind_2_entry) [2026-02-22 04:15:00+00:00] [ALGO/USDT:USDT] | Rate: 0.0882 | Stake amount: 1758.273 | Profit (stake): -575.344
| Profit: -0.66% | Tag: g24
2026-09-25 22:18:09,423 - NostalgiaForInfinityX8 - INFO - Grinding exit (grind_1_exit) [2026-02-22 14:45:00+00:00] [ALGO/USDT:USDT] | Rate: 0.0866 | Stake amount: 3421.716 | Coin amount: 118535.2 | 
Profit (stake): 455.514 | Profit: 0.49% | Grind profit: 2.70% (289.617 USDT)
2026-09-25 22:18:10,117 - NostalgiaForInfinityX8 - INFO - Grinding entry (grind_1_entry) [2026-02-22 17:10:00+00:00] [AXS/USDT:USDT] | Rate: 1.285 | Stake amount: 3836.973 | Profit (stake): -8934.490 
| Profit: -14.79% | Tag: g24
2026-09-25 22:18:11,471 - NostalgiaForInfinityX8 - INFO - De-risk Level 1 [2026-02-22 22:10:00+00:00] [INJ/USDT:USDT] | Rate: 3.511 | Stake amount: 2707.332 | Profit (stake): -5405.059 | Profit: 
-11.15%
2026-09-25 22:18:12,293 - NostalgiaForInfinityX8 - INFO - Grinding exit (grind_1_exit) [2026-02-23 01:05:00+00:00] [AXS/USDT:USDT] | Rate: 1.249 | Stake amount: 3729.098 | Coin amount: 8957.0 | Profit
(stake): -7885.977 | Profit: -10.97% | Grind profit: 2.80% (328.046 USDT)
2026-09-25 22:18:12,355 - NostalgiaForInfinityX8 - INFO - De-risk Level 1 [2026-02-23 01:20:00+00:00] [XRP/USDT:USDT] | Rate: 1.3334 | Stake amount: 3352.630 | Profit (stake): -6679.927 | Profit: 
-9.90%
2026-09-25 22:18:12,380 - NostalgiaForInfinityX8 - INFO - Grinding exit (grind_5_exit) [2026-02-23 01:25:00+00:00] [AXS/USDT:USDT] | Rate: 1.21 | Stake amount: 899.030 | Coin amount: 2229.0 | Profit 
(stake): -6868.661 | Profit: -9.55% | Grind profit: 6.27% (181.898 USDT)
2026-09-25 22:18:13,016 - NostalgiaForInfinityX8 - INFO - Grinding entry (grind_5_entry) [2026-02-23 04:15:00+00:00] [INJ/USDT:USDT] | Rate: 3.402 | Stake amount: 769.172 | Profit (stake): -6445.221 |
Profit: -13.29% | Tag: 
2026-09-25 22:18:13,886 - NostalgiaForInfinityX8 - INFO - Grinding entry (grind_1_entry) [2026-02-23 07:30:00+00:00] [AXS/USDT:USDT] | Rate: 1.235 | Stake amount: 3836.973 | Profit (stake): -7508.205 
| Profit: -10.44% | Tag: g24
2026-09-25 22:18:16,496 - NostalgiaForInfinityX8 - INFO - Grinding entry (grind_2_entry) [2026-02-23 17:00:00+00:00] [AXS/USDT:USDT] | Rate: 1.229 | Stake amount: 1918.486 | Profit (stake): -7476.917 
| Profit: -8.96% | Tag: g24
2026-09-25 22:18:19,109 - NostalgiaForInfinityX8 - INFO - Grinding entry (grind_3_entry) [2026-02-24 02:00:00+00:00] [AXS/USDT:USDT] | Rate: 1.223 | Stake amount: 1918.486 | Profit (stake): -7336.360 
| Profit: -8.23% | Tag: g24
2026-09-25 22:18:19,828 - NostalgiaForInfinityX8 - INFO - Grinding entry (grind_5_entry) [2026-02-24 04:30:00+00:00] [XRP/USDT:USDT] | Rate: 1.33 | Stake amount: 936.908 | Profit (stake): -6799.376 | 
Profit: -10.07% | Tag: 
2026-09-25 22:18:20,104 - NostalgiaForInfinityX8 - INFO - De-risk Level 2 [2026-02-24 05:25:00+00:00] [INJ/USDT:USDT] | Rate: 3.214 | Stake amount: 3717.473 | Profit (stake): -8361.748 | Profit: 
-16.46%
2026-09-25 22:18:20,919 - NostalgiaForInfinityX8 - INFO - Grinding entry (grind_4_entry) [2026-02-24 08:05:00+00:00] [AXS/USDT:USDT] | Rate: 1.202 | Stake amount: 959.243 | Profit (stake): -6548.356 |
Profit: -6.90% | Tag: g0
2026-09-25 22:18:20,947 - NostalgiaForInfinityX8 - INFO - Grinding exit (grind_1_exit) [2026-02-24 08:10:00+00:00] [AXS/USDT:USDT] | Rate: 1.2 | Stake amount: 3728.000 | Coin amount: 9320.0 | Profit 
(stake): -6461.297 | Profit: -6.61% | Grind profit: 2.83% (331.792 USDT)
2026-09-25 22:18:20,989 - NostalgiaForInfinityX8 - INFO - Grinding entry (grind_1_entry) [2026-02-24 08:15:00+00:00] [ALGO/USDT:USDT] | Rate: 0.083 | Stake amount: 3444.710 | Profit (stake): 193.742 |
Profit: 0.38% | Tag: g24
2026-09-25 22:18:22,108 - NostalgiaForInfinityX8 - INFO - Grinding entry (grind_5_entry) [2026-02-24 12:05:00+00:00] [INJ/USDT:USDT] | Rate: 3.163 | Stake amount: 923.007 | Profit (stake): -8716.543 |
Profit: -17.16% | Tag: 
2026-09-25 22:18:26,209 - NostalgiaForInfinityX8 - INFO - Grinding entry (grind_5_entry) [2026-02-25 02:00:00+00:00] [AXS/USDT:USDT] | Rate: 1.283 | Stake amount: 959.243 | Profit (stake): -9568.004 |
Profit: -9.78% | Tag: 
2026-09-25 22:18:29,564 - NostalgiaForInfinityX8 - INFO - Grinding exit (grind_5_exit) [2026-02-25 13:40:00+00:00] [XRP/USDT:USDT] | Rate: 1.4116 | Stake amount: 994.378 | Coin amount: 2113.3 | Profit
(stake): -3516.748 | Profit: -5.00% | Grind profit: 6.14% (170.954 USDT)
2026-09-25 22:18:29,616 - NostalgiaForInfinityX8 - INFO - De-risk Level 3 [2026-02-25 13:50:00+00:00] [AXS/USDT:USDT] | Rate: 1.337 | Stake amount: 10625.585 | Profit (stake): -11731.778 | Profit: 
-11.65%
2026-09-25 22:18:29,686 - NostalgiaForInfinityX8 - INFO - Grinding entry (grind_4_entry) [2026-02-25 14:05:00+00:00] [AXS/USDT:USDT] | Rate: 1.344 | Stake amount: 1151.092 | Profit (stake): -11830.016
| Profit: -11.75% | Tag: 
2026-09-25 22:18:30,204 - NostalgiaForInfinityX8 - INFO - De-risk Level 1 [2026-02-25 16:05:00+00:00] [ALGO/USDT:USDT] | Rate: 0.0914 | Stake amount: 3775.138 | Profit (stake): -6084.665 | Profit: 
-9.82%
2026-09-25 22:18:30,538 - NostalgiaForInfinityX8 - INFO - Grinding exit (grind_1_exit) [2026-02-25 17:25:00+00:00] [XRP/USDT:USDT] | Rate: 1.4697 | Stake amount: 3863.547 | Coin amount: 7886.4 | 
Profit (stake): -1307.721 | Profit: -1.86% | Grind profit: 3.09% (341.995 USDT)
2026-09-25 22:18:34,294 - NostalgiaForInfinityX8 - INFO - Grinding entry (grind_1_entry) [2026-02-26 09:15:00+00:00] [XRP/USDT:USDT] | Rate: 1.4456 | Stake amount: 3747.634 | Profit (stake): -2038.269
| Profit: -2.90% | Tag: g0
2026-09-25 22:18:43,615 - NostalgiaForInfinityX8 - INFO - Grinding entry (grind_5_entry) [2026-02-27 15:35:00+00:00] [XRP/USDT:USDT] | Rate: 1.3544 | Stake amount: 936.908 | Profit (stake): -5505.655 
| Profit: -6.75% | Tag: 
2026-09-25 22:18:44,047 - NostalgiaForInfinityX8 - INFO - Grinding entry (grind_1_entry) [2026-02-27 16:50:00+00:00] [AXS/USDT:USDT] | Rate: 1.328 | Stake amount: 3836.973 | Profit (stake): -11789.181
| Profit: -11.32% | Tag: g0
2026-09-25 22:18:44,210 - NostalgiaForInfinityX8 - INFO - De-risk Level 3 [2026-02-27 17:20:00+00:00] [INJ/USDT:USDT] | Rate: 3.089 | Stake amount: 5954.820 | Profit (stake): -9282.247 | Profit: 
-17.33%
2026-09-25 22:18:45,562 - NostalgiaForInfinityX8 - INFO - Grinding exit (grind_1_exit) [2026-02-27 21:45:00+00:00] [AXS/USDT:USDT] | Rate: 1.293 | Stake amount: 3735.477 | Coin amount: 8667.0 | Profit
(stake): -10930.957 | Profit: -9.45% | Grind profit: 2.64% (308.948 USDT)
2026-09-25 22:18:48,573 - NostalgiaForInfinityX8 - INFO - Grinding entry (grind_4_entry) [2026-02-28 07:25:00+00:00] [FIL/USDT:USDT] | Rate: 0.931 | Stake amount: 830.680 | Profit (stake): -5146.758 |
Profit: -10.32% | Tag: 
2026-09-25 22:18:52,222 - NostalgiaForInfinityX8 - INFO - Grinding exit (grind_4_exit) [2026-02-28 19:40:00+00:00] [FIL/USDT:USDT] | Rate: 0.989 | Stake amount: 882.419 | Coin amount: 2676.7 | Profit 
(stake): -2207.990 | Profit: -4.22% | Grind profit: 6.23% (153.925 USDT)
2026-09-25 22:19:11,516 - NostalgiaForInfinityX8 - INFO - Grinding exit (grind_4_exit) [2026-03-03 09:30:00+00:00] [AXS/USDT:USDT] | Rate: 1.207 | Stake amount: 1996.780 | Coin amount: 4963.0 | Profit
(stake): -9735.752 | Profit: -8.42% | Grind profit: 5.37% (342.978 USDT)
2026-09-25 22:19:11,729 - NostalgiaForInfinityX8 - INFO - Grinding exit (grind_5_exit) [2026-03-03 10:10:00+00:00] [AXS/USDT:USDT] | Rate: 1.204 | Stake amount: 899.789 | Coin amount: 2242.0 | Profit 
(stake): -9700.836 | Profit: -8.39% | Grind profit: 6.16% (178.468 USDT)
2026-09-25 22:19:13,610 - NostalgiaForInfinityX8 - INFO - Grinding entry (grind_1_entry) [2026-03-03 16:10:00+00:00] [ETH/USDT:USDT] | Rate: 1998.38 | Stake amount: 3320.462 | Profit (stake): 
-1548.711 | Profit: -3.11% | Tag: g0
2026-09-25 22:19:17,143 - NostalgiaForInfinityX8 - INFO - Grinding exit (grind_2_exit) [2026-03-04 03:35:00+00:00] [AXS/USDT:USDT] | Rate: 1.175 | Stake amount: 1834.175 | Coin amount: 4683.0 | Profit
(stake): -9455.055 | Profit: -8.18% | Grind profit: 4.39% (255.633 USDT)
2026-09-25 22:19:17,220 - NostalgiaForInfinityX8 - INFO - Grinding exit (grind_3_exit) [2026-03-04 03:50:00+00:00] [AXS/USDT:USDT] | Rate: 1.172 | Stake amount: 1830.217 | Coin amount: 4706.0 | Profit
(stake): -9440.924 | Profit: -8.17% | Grind profit: 4.17% (242.764 USDT)
2026-09-25 22:19:17,351 - NostalgiaForInfinityX8 - INFO - Grinding entry (grind_1_entry) [2026-03-04 04:15:00+00:00] [AXS/USDT:USDT] | Rate: 1.181 | Stake amount: 3836.973 | Profit (stake): -9441.179 
| Profit: -8.17% | Tag: g24
2026-09-25 22:19:18,881 - NostalgiaForInfinityX8 - INFO - Grinding exit (grind_1_exit) [2026-03-04 09:00:00+00:00] [ETH/USDT:USDT] | Rate: 2063.27 | Stake amount: 3427.779 | Coin amount: 4.984 | 
Profit (stake): 335.984 | Profit: 0.56% | Grind profit: 3.25% (318.270 USDT)
2026-09-25 22:19:19,547 - NostalgiaForInfinityX8 - INFO - Grinding entry (grind_2_entry) [2026-03-04 11:00:00+00:00] [AXS/USDT:USDT] | Rate: 1.211 | Stake amount: 1918.486 | Profit (stake): -9763.787 
| Profit: -7.68% | Tag: g24
2026-09-25 22:19:19,599 - NostalgiaForInfinityX8 - INFO - Grinding entry (grind_3_entry) [2026-03-04 11:10:00+00:00] [AXS/USDT:USDT] | Rate: 1.204 | Stake amount: 1918.486 | Profit (stake): -9667.836 
| Profit: -7.28% | Tag: g24
2026-09-25 22:19:19,649 - NostalgiaForInfinityX8 - INFO - Grinding entry (grind_4_entry) [2026-03-04 11:20:00+00:00] [AXS/USDT:USDT] | Rate: 1.207 | Stake amount: 959.243 | Profit (stake): -9731.526 |
Profit: -7.02% | Tag: g24
2026-09-25 22:19:19,699 - NostalgiaForInfinityX8 - INFO - Grinding entry (grind_5_entry) [2026-03-04 11:30:00+00:00] [AXS/USDT:USDT] | Rate: 1.204 | Stake amount: 959.243 | Profit (stake): -9669.313 |
Profit: -6.83% | Tag: g24
2026-09-25 22:19:20,550 - NostalgiaForInfinityX8 - INFO - Grinding entry (grind_1_entry) [2026-03-04 14:15:00+00:00] [FIL/USDT:USDT] | Rate: 1.02 | Stake amount: 3322.721 | Profit (stake): -735.112 | 
Profit: -1.40% | Tag: g0
2026-09-25 22:19:20,918 - NostalgiaForInfinityX8 - INFO - Grinding exit (grind_5_exit) [2026-03-04 15:30:00+00:00] [XRP/USDT:USDT] | Rate: 1.4462 | Stake amount: 1000.385 | Coin amount: 2075.2 | 
Profit (stake): -1773.755 | Profit: -2.10% | Grind profit: 6.78% (189.003 USDT)
2026-09-25 22:19:28,715 - NostalgiaForInfinityX8 - INFO - Grinding exit (grind_2_exit) [2026-03-05 16:10:00+00:00] [AXS/USDT:USDT] | Rate: 1.166 | Stake amount: 1846.944 | Coin amount: 4752.0 | Profit
(stake): -8901.874 | Profit: -6.17% | Grind profit: 3.72% (216.610 USDT)
2026-09-25 22:19:31,702 - NostalgiaForInfinityX8 - INFO - Grinding entry (grind_2_entry) [2026-03-06 01:40:00+00:00] [XRP/USDT:USDT] | Rate: 1.4113 | Stake amount: 1873.817 | Profit (stake): -3105.568
| Profit: -3.68% | Tag: g0
2026-09-25 22:19:32,464 - NostalgiaForInfinityX8 - INFO - Grinding entry (grind_2_entry) [2026-03-06 04:05:00+00:00] [AXS/USDT:USDT] | Rate: 1.222 | Stake amount: 1918.486 | Profit (stake): -10027.409
| Profit: -6.95% | Tag: g24
2026-09-25 22:19:35,866 - NostalgiaForInfinityX8 - INFO - Grinding exit (grind_2_exit) [2026-03-06 14:40:00+00:00] [AXS/USDT:USDT] | Rate: 1.177 | Stake amount: 1847.498 | Coin amount: 4709.0 | Profit
(stake): -8963.606 | Profit: -5.97% | Grind profit: 3.68% (214.676 USDT)
2026-09-25 22:19:35,887 - NostalgiaForInfinityX8 - INFO - Grinding entry (grind_4_entry) [2026-03-06 14:40:00+00:00] [ADA/USDT:USDT] | Rate: 0.2596 | Stake amount: 793.032 | Profit (stake): -3063.627 
| Profit: -6.44% | Tag: 
2026-09-25 22:19:36,209 - NostalgiaForInfinityX8 - INFO - Grinding entry (grind_1_entry) [2026-03-06 15:45:00+00:00] [INJ/USDT:USDT] | Rate: 2.881 | Stake amount: 3112.203 | Profit (stake): -90.149 | 
Profit: -0.19% | Tag: g24
2026-09-25 22:19:36,763 - NostalgiaForInfinityX8 - INFO - Grinding entry (grind_2_entry) [2026-03-06 17:25:00+00:00] [AXS/USDT:USDT] | Rate: 1.156 | Stake amount: 1918.486 | Profit (stake): -8576.123 
| Profit: -5.71% | Tag: g0
2026-09-25 22:19:36,791 - NostalgiaForInfinityX8 - INFO - Grinding exit (grind_3_exit) [2026-03-06 17:30:00+00:00] [AXS/USDT:USDT] | Rate: 1.154 | Stake amount: 1838.707 | Coin amount: 4780.0 | Profit
(stake): -8533.247 | Profit: -5.47% | Grind profit: 4.15% (241.758 USDT)
2026-09-25 22:19:36,843 - NostalgiaForInfinityX8 - INFO - Grinding exit (grind_1_exit) [2026-03-06 17:40:00+00:00] [AXS/USDT:USDT] | Rate: 1.147 | Stake amount: 3726.221 | Coin amount: 9746.0 | Profit
(stake): -8396.518 | Profit: -5.39% | Grind profit: 2.88% (336.953 USDT)
2026-09-25 22:19:39,773 - NostalgiaForInfinityX8 - INFO - Grinding entry (grind_1_entry) [2026-03-07 02:25:00+00:00] [AXS/USDT:USDT] | Rate: 1.149 | Stake amount: 3836.973 | Profit (stake): -8445.817 
| Profit: -5.42% | Tag: g0
2026-09-25 22:19:40,186 - NostalgiaForInfinityX8 - INFO - Grinding exit (grind_4_exit) [2026-03-07 03:40:00+00:00] [AXS/USDT:USDT] | Rate: 1.139 | Stake amount: 905.125 | Coin amount: 2384.0 | Profit 
(stake): -8259.279 | Profit: -4.93% | Grind profit: 5.63% (163.470 USDT)
2026-09-25 22:19:41,346 - NostalgiaForInfinityX8 - INFO - Grinding exit (grind_5_exit) [2026-03-07 07:05:00+00:00] [AXS/USDT:USDT] | Rate: 1.128 | Stake amount: 898.640 | Coin amount: 2390.0 | Profit 
(stake): -8088.964 | Profit: -4.83% | Grind profit: 6.31% (182.988 USDT)
2026-09-25 22:19:41,455 - NostalgiaForInfinityX8 - INFO - Grinding entry (grind_1_entry) [2026-03-07 07:20:00+00:00] [FIL/USDT:USDT] | Rate: 0.963 | Stake amount: 3194.079 | Profit (stake): -1.962 | 
Profit: -0.00% | Tag: g24
2026-09-25 22:19:44,245 - NostalgiaForInfinityX8 - INFO - Grinding entry (grind_3_entry) [2026-03-07 15:30:00+00:00] [AXS/USDT:USDT] | Rate: 1.13 | Stake amount: 1918.486 | Profit (stake): -8145.412 |
Profit: -4.87% | Tag: g0
2026-09-25 22:19:45,511 - NostalgiaForInfinityX8 - INFO - Grinding entry (grind_2_entry) [2026-03-07 19:15:00+00:00] [ALGO/USDT:USDT] | Rate: 0.0833 | Stake amount: 1722.355 | Profit (stake): 
-1101.164 | Profit: -1.78% | Tag: g24
2026-09-25 22:19:45,535 - NostalgiaForInfinityX8 - INFO - Grinding exit (grind_1_exit) [2026-03-07 19:20:00+00:00] [AXS/USDT:USDT] | Rate: 1.116 | Stake amount: 3726.696 | Coin amount: 10018.0 | 
Profit (stake): -7887.583 | Profit: -4.56% | Grind profit: 2.87% (336.184 USDT)
2026-09-25 22:19:45,703 - NostalgiaForInfinityX8 - INFO - Grinding exit (grind_2_exit) [2026-03-07 19:50:00+00:00] [AXS/USDT:USDT] | Rate: 1.109 | Stake amount: 1840.201 | Coin amount: 4978.0 | Profit
(stake): -7816.876 | Profit: -4.51% | Grind profit: 4.07% (236.726 USDT)
2026-09-25 22:19:46,705 - NostalgiaForInfinityX8 - INFO - Grinding entry (grind_1_entry) [2026-03-07 22:40:00+00:00] [AXS/USDT:USDT] | Rate: 1.098 | Stake amount: 3836.973 | Profit (stake): -7765.776 
| Profit: -4.49% | Tag: g0
2026-09-25 22:19:48,219 - NostalgiaForInfinityX8 - INFO - Grinding entry (grind_1_entry) [2026-03-08 03:00:00+00:00] [CRV/USDT:USDT] | Rate: 0.231 | Stake amount: 3199.977 | Profit (stake): 369.031 | 
Profit: 0.77% | Tag: g0
2026-09-25 22:19:52,698 - NostalgiaForInfinityX8 - INFO - Grinding entry (grind_2_entry) [2026-03-08 16:15:00+00:00] [AXS/USDT:USDT] | Rate: 1.114 | Stake amount: 1918.486 | Profit (stake): -8083.167 
| Profit: -4.38% | Tag: g0
2026-09-25 22:19:52,788 - NostalgiaForInfinityX8 - INFO - Grinding entry (grind_4_entry) [2026-03-08 16:30:00+00:00] [AXS/USDT:USDT] | Rate: 1.115 | Stake amount: 959.243 | Profit (stake): -8109.701 |
Profit: -4.26% | Tag: g24
2026-09-25 22:19:52,853 - NostalgiaForInfinityX8 - INFO - Grinding entry (grind_5_entry) [2026-03-08 16:40:00+00:00] [AXS/USDT:USDT] | Rate: 1.116 | Stake amount: 959.243 | Profit (stake): -8135.937 |
Profit: -4.21% | Tag: g24
2026-09-25 22:20:18,050 - NostalgiaForInfinityX8 - INFO - Grinding entry (grind_1_entry) [2026-03-11 16:45:00+00:00] [BTC/USDT:USDT] | Rate: 70715.5 | Stake amount: 2847.850 | Profit (stake): 
-1729.443 | Profit: -4.05% | Tag: g0
2026-09-25 22:20:28,627 - NostalgiaForInfinityX8 - INFO - De-risk Level 1 [2026-03-13 00:35:00+00:00] [INJ/USDT:USDT] | Rate: 3.11 | Stake amount: 3595.823 | Profit (stake): -5677.134 | Profit: 
-11.71%
2026-09-25 22:20:30,104 - NostalgiaForInfinityX8 - INFO - Grinding exit (grind_4_exit) [2026-03-13 05:35:00+00:00] [ADA/USDT:USDT] | Rate: 0.2744 | Stake amount: 838.201 | Coin amount: 9164.0 | Profit
(stake): -345.258 | Profit: -0.69% | Grind profit: 5.70% (134.370 USDT)
2026-09-25 22:20:30,622 - NostalgiaForInfinityX8 - INFO - Grinding entry (grind_5_entry) [2026-03-13 07:10:00+00:00] [INJ/USDT:USDT] | Rate: 3.12 | Stake amount: 808.193 | Profit (stake): -5815.949 | 
Profit: -12.00% | Tag: 
2026-09-25 22:20:32,656 - NostalgiaForInfinityX8 - INFO - Grinding exit (grind_1_exit) [2026-03-13 13:05:00+00:00] [BTC/USDT:USDT] | Rate: 72777.2 | Stake amount: 2911.088 | Coin amount: 0.12 | Profit
(stake): -286.124 | Profit: -0.56% | Grind profit: 2.92% (243.037 USDT)
2026-09-25 22:20:36,960 - NostalgiaForInfinityX8 - INFO - Grinding entry (grind_5_entry) [2026-03-14 04:00:00+00:00] [AXS/USDT:USDT] | Rate: 1.206 | Stake amount: 1151.092 | Profit (stake): -10853.495
| Profit: -5.53% | Tag: 
2026-09-25 22:20:40,046 - NostalgiaForInfinityX8 - INFO - Grinding entry (grind_1_entry) [2026-03-14 13:00:00+00:00] [BTC/USDT:USDT] | Rate: 70733.5 | Stake amount: 2847.850 | Profit (stake): 
-1470.862 | Profit: -2.87% | Tag: g24
2026-09-25 22:20:43,096 - NostalgiaForInfinityX8 - INFO - Grinding entry (grind_1_entry) [2026-03-14 21:50:00+00:00] [RUNE/USDT:USDT] | Rate: 0.4432 | Stake amount: 3017.174 | Profit (stake): -806.737
| Profit: -1.78% | Tag: g0
2026-09-25 22:20:51,737 - NostalgiaForInfinityX8 - INFO - Grinding exit (grind_1_exit) [2026-03-15 22:55:00+00:00] [BTC/USDT:USDT] | Rate: 72658.2 | Stake amount: 2906.328 | Coin amount: 0.12 | Profit
(stake): -125.568 | Profit: -0.21% | Grind profit: 2.72% (226.605 USDT)
2026-09-25 22:20:53,381 - NostalgiaForInfinityX8 - INFO - Grinding exit (grind_1_exit) [2026-03-16 03:35:00+00:00] [RUNE/USDT:USDT] | Rate: 0.4549 | Stake amount: 3096.808 | Coin amount: 20423.0 | 
Profit (stake): 586.091 | Profit: 1.08% | Grind profit: 2.64% (234.304 USDT)
2026-09-25 22:20:57,304 - NostalgiaForInfinityX8 - INFO - Grinding entry (grind_1_entry) [2026-03-16 16:30:00+00:00] [SAND/USDT:USDT] | Rate: 0.08767 | Stake amount: 3134.717 | Profit (stake): 
-618.291 | Profit: -1.31% | Tag: g0
2026-09-25 22:20:57,501 - NostalgiaForInfinityX8 - INFO - Grinding entry (grind_1_entry) [2026-03-16 17:05:00+00:00] [RUNE/USDT:USDT] | Rate: 0.4529 | Stake amount: 3134.694 | Profit (stake): -82.806 
| Profit: -0.18% | Tag: g24
2026-09-25 22:20:59,272 - NostalgiaForInfinityX8 - INFO - De-risk Level 2 [2026-03-16 22:05:00+00:00] [INJ/USDT:USDT] | Rate: 3.319 | Stake amount: 5756.208 | Profit (stake): -8752.272 | Profit: 
-17.20%
2026-09-25 22:21:02,499 - NostalgiaForInfinityX8 - INFO - Grinding entry (grind_1_entry) [2026-03-17 11:45:00+00:00] [DOGE/USDT:USDT] | Rate: 0.10019 | Stake amount: 3174.929 | Profit (stake): 
-1859.077 | Profit: -3.90% | Tag: g14
2026-09-25 22:21:06,475 - NostalgiaForInfinityX8 - INFO - Grinding entry (grind_1_entry) [2026-03-18 00:00:00+00:00] [AXS/USDT:USDT] | Rate: 1.23 | Stake amount: 3836.973 | Profit (stake): -12230.105 
| Profit: -6.13% | Tag: g24
2026-09-25 22:21:06,571 - NostalgiaForInfinityX8 - INFO - Grinding entry (grind_2_entry) [2026-03-18 00:15:00+00:00] [AXS/USDT:USDT] | Rate: 1.233 | Stake amount: 2302.184 | Profit (stake): -12356.114
| Profit: -5.85% | Tag: g24
2026-09-25 22:21:06,635 - NostalgiaForInfinityX8 - INFO - Grinding entry (grind_3_entry) [2026-03-18 00:25:00+00:00] [AXS/USDT:USDT] | Rate: 1.224 | Stake amount: 2302.184 | Profit (stake): -11980.872
| Profit: -5.50% | Tag: g24
2026-09-25 22:21:12,277 - NostalgiaForInfinityX8 - INFO - De-risk Level 1 [2026-03-18 17:10:00+00:00] [DOGE/USDT:USDT] | Rate: 0.09333 | Stake amount: 2845.090 | Profit (stake): -5657.617 | Profit: 
-9.89%
2026-09-25 22:21:12,414 - NostalgiaForInfinityX8 - INFO - Grinding entry (grind_1_entry) [2026-03-18 17:35:00+00:00] [XRP/USDT:USDT] | Rate: 1.4481 | Stake amount: 3192.333 | Profit (stake): -2620.547
| Profit: -5.47% | Tag: g0
2026-09-25 22:21:17,975 - NostalgiaForInfinityX8 - INFO - Grinding entry (grind_5_entry) [2026-03-19 08:35:00+00:00] [DOGE/USDT:USDT] | Rate: 0.09408 | Stake amount: 793.732 | Profit (stake): 
-5311.332 | Profit: -9.29% | Tag: 
2026-09-25 22:21:41,210 - NostalgiaForInfinityX8 - INFO - De-risk Level 1 [2026-03-22 00:05:00+00:00] [FIL/USDT:USDT] | Rate: 0.868 | Stake amount: 2846.178 | Profit (stake): -5664.139 | Profit: 
-11.72%
2026-09-25 22:21:41,216 - NostalgiaForInfinityX8 - INFO - Grinding entry (grind_4_entry) [2026-03-22 00:05:00+00:00] [DOT/USDT:USDT] | Rate: 1.446 | Stake amount: 805.253 | Profit (stake): -3086.022 |
Profit: -6.38% | Tag: 
2026-09-25 22:21:41,748 - NostalgiaForInfinityX8 - INFO - Grinding exit (grind_2_exit) [2026-03-22 01:40:00+00:00] [AXS/USDT:USDT] | Rate: 1.132 | Stake amount: 4062.748 | Coin amount: 10767.0 | 
Profit (stake): -8171.006 | Profit: -3.63% | Grind profit: 3.73% (478.807 USDT)
2026-09-25 22:21:41,789 - NostalgiaForInfinityX8 - INFO - Grinding entry (grind_1_entry) [2026-03-22 01:45:00+00:00] [INJ/USDT:USDT] | Rate: 3.006 | Stake amount: 3232.772 | Profit (stake): -5844.141 
| Profit: -11.48% | Tag: g24
2026-09-25 22:21:41,841 - NostalgiaForInfinityX8 - INFO - Grinding exit (grind_3_exit) [2026-03-22 01:55:00+00:00] [AXS/USDT:USDT] | Rate: 1.131 | Stake amount: 4047.095 | Coin amount: 10735.0 | 
Profit (stake): -8132.363 | Profit: -3.62% | Grind profit: 4.10% (525.684 USDT)
2026-09-25 22:21:41,879 - NostalgiaForInfinityX8 - INFO - Grinding exit (grind_1_exit) [2026-03-22 02:00:00+00:00] [AXS/USDT:USDT] | Rate: 1.13 | Stake amount: 7473.443 | Coin amount: 19841.0 | Profit
(stake): -8104.460 | Profit: -3.60% | Grind profit: 2.61% (611.554 USDT)
2026-09-25 22:21:42,174 - NostalgiaForInfinityX8 - INFO - Grinding entry (grind_1_entry) [2026-03-22 02:45:00+00:00] [AXS/USDT:USDT] | Rate: 1.131 | Stake amount: 3836.973 | Profit (stake): -8112.512 
| Profit: -3.61% | Tag: g24
2026-09-25 22:21:42,240 - NostalgiaForInfinityX8 - INFO - Grinding entry (grind_2_entry) [2026-03-22 02:55:00+00:00] [AXS/USDT:USDT] | Rate: 1.133 | Stake amount: 1918.486 | Profit (stake): -8160.491 
| Profit: -3.45% | Tag: g24
2026-09-25 22:21:42,310 - NostalgiaForInfinityX8 - INFO - Grinding entry (grind_3_entry) [2026-03-22 03:05:00+00:00] [AXS/USDT:USDT] | Rate: 1.13 | Stake amount: 1918.486 | Profit (stake): -8096.298 |
Profit: -3.34% | Tag: g24
2026-09-25 22:21:43,566 - NostalgiaForInfinityX8 - INFO - Grinding entry (grind_5_entry) [2026-03-22 06:10:00+00:00] [FIL/USDT:USDT] | Rate: 0.882 | Stake amount: 804.996 | Profit (stake): -5113.541 |
Profit: -10.58% | Tag: 
2026-09-25 22:21:49,028 - NostalgiaForInfinityX8 - INFO - Grinding exit (grind_1_exit) [2026-03-22 20:35:00+00:00] [AXS/USDT:USDT] | Rate: 1.097 | Stake amount: 3721.390 | Coin amount: 10177.0 | 
Profit (stake): -7250.074 | Profit: -2.92% | Grind profit: 3.01% (351.600 USDT)
2026-09-25 22:21:49,102 - NostalgiaForInfinityX8 - INFO - Grinding entry (grind_2_entry) [2026-03-22 20:45:00+00:00] [INJ/USDT:USDT] | Rate: 2.956 | Stake amount: 1616.386 | Profit (stake): -5244.516 
| Profit: -8.66% | Tag: g24
2026-09-25 22:21:49,324 - NostalgiaForInfinityX8 - INFO - Grinding entry (grind_1_entry) [2026-03-22 21:20:00+00:00] [AXS/USDT:USDT] | Rate: 1.08 | Stake amount: 3836.973 | Profit (stake): -6940.179 |
Profit: -2.80% | Tag: g0
2026-09-25 22:21:49,339 - NostalgiaForInfinityX8 - INFO - Grinding exit (grind_1_exit) [2026-03-22 21:20:00+00:00] [INJ/USDT:USDT] | Rate: 2.911 | Stake amount: 3130.586 | Coin amount: 3226.3 | Profit
(stake): -4604.846 | Profit: -7.04% | Grind profit: 3.16% (311.194 USDT)
2026-09-25 22:21:50,359 - NostalgiaForInfinityX8 - INFO - Grinding exit (grind_2_exit) [2026-03-23 00:05:00+00:00] [AXS/USDT:USDT] | Rate: 1.082 | Stake amount: 1831.826 | Coin amount: 5079.0 | Profit
(stake): -7047.199 | Profit: -2.72% | Grind profit: 4.50% (261.777 USDT)
2026-09-25 22:21:51,285 - NostalgiaForInfinityX8 - INFO - Grinding entry (grind_1_entry) [2026-03-23 02:30:00+00:00] [DOGE/USDT:USDT] | Rate: 0.09116 | Stake amount: 3174.929 | Profit (stake): 
-6708.414 | Profit: -11.26% | Tag: g0
2026-09-25 22:21:51,618 - NostalgiaForInfinityX8 - INFO - Grinding entry (grind_1_entry) [2026-03-23 03:25:00+00:00] [INJ/USDT:USDT] | Rate: 2.981 | Stake amount: 3232.772 | Profit (stake): -5384.129 
| Profit: -8.23% | Tag: g24
2026-09-25 22:21:51,646 - NostalgiaForInfinityX8 - INFO - Grinding exit (grind_3_exit) [2026-03-23 03:30:00+00:00] [AXS/USDT:USDT] | Rate: 1.081 | Stake amount: 1835.178 | Coin amount: 5093.0 | Profit
(stake): -7023.387 | Profit: -2.71% | Grind profit: 4.34% (252.310 USDT)
2026-09-25 22:21:51,685 - NostalgiaForInfinityX8 - INFO - Grinding exit (grind_5_exit) [2026-03-23 03:35:00+00:00] [AXS/USDT:USDT] | Rate: 1.08 | Stake amount: 1958.760 | Coin amount: 5441.0 | Profit 
(stake): -7004.671 | Profit: -2.70% | Grind profit: 7.17% (456.484 USDT)
2026-09-25 22:21:53,078 - NostalgiaForInfinityX8 - INFO - De-risk Level 1 [2026-03-23 06:50:00+00:00] [XRP/USDT:USDT] | Rate: 1.3686 | Stake amount: 2854.827 | Profit (stake): -5633.896 | Profit: 
-9.80%
2026-09-25 22:21:53,299 - NostalgiaForInfinityX8 - INFO - Grinding exit (grind_5_exit) [2026-03-23 07:25:00+00:00] [INJ/USDT:USDT] | Rate: 2.918 | Stake amount: 755.859 | Coin amount: 777.1 | Profit 
(stake): -4489.797 | Profit: -5.98% | Grind profit: 6.47% (158.108 USDT)
2026-09-25 22:21:53,947 - NostalgiaForInfinityX8 - INFO - Grinding exit (grind_4_exit) [2026-03-23 09:05:00+00:00] [AXS/USDT:USDT] | Rate: 1.056 | Stake amount: 908.160 | Coin amount: 2580.0 | Profit 
(stake): -6716.286 | Profit: -2.59% | Grind profit: 5.29% (153.582 USDT)
2026-09-25 22:21:54,505 - NostalgiaForInfinityX8 - INFO - Grinding exit (grind_1_exit) [2026-03-23 10:25:00+00:00] [AXS/USDT:USDT] | Rate: 1.05 | Stake amount: 3730.300 | Coin amount: 10658.0 | Profit
(stake): -6652.138 | Profit: -2.56% | Grind profit: 2.78% (325.335 USDT)
2026-09-25 22:21:54,971 - NostalgiaForInfinityX8 - INFO - Grinding entry (grind_1_entry) [2026-03-23 11:35:00+00:00] [AXS/USDT:USDT] | Rate: 1.095 | Stake amount: 3836.973 | Profit (stake): -6653.398 
| Profit: -2.56% | Tag: g3
2026-09-25 22:21:55,429 - NostalgiaForInfinityX8 - INFO - Grinding entry (grind_2_entry) [2026-03-23 12:40:00+00:00] [AXS/USDT:USDT] | Rate: 1.097 | Stake amount: 1918.486 | Profit (stake): -6692.643 
| Profit: -2.47% | Tag: g20
2026-09-25 22:21:58,300 - NostalgiaForInfinityX8 - INFO - Grinding exit (grind_5_exit) [2026-03-23 20:45:00+00:00] [FIL/USDT:USDT] | Rate: 0.939 | Stake amount: 856.994 | Coin amount: 2738.0 | Profit 
(stake): -2696.226 | Profit: -5.31% | Grind profit: 6.46% (154.781 USDT)
2026-09-25 22:22:00,414 - NostalgiaForInfinityX8 - INFO - Grinding entry (grind_1_entry) [2026-03-24 02:55:00+00:00] [FIL/USDT:USDT] | Rate: 0.92 | Stake amount: 3219.985 | Profit (stake): -3447.097 |
Profit: -6.79% | Tag: g22
2026-09-25 22:22:04,510 - NostalgiaForInfinityX8 - INFO - Grinding entry (grind_2_entry) [2026-03-24 13:35:00+00:00] [FIL/USDT:USDT] | Rate: 0.919 | Stake amount: 1609.992 | Profit (stake): -3511.185 
| Profit: -5.81% | Tag: g0
2026-09-25 22:22:05,973 - NostalgiaForInfinityX8 - INFO - De-risk Level 1 [2026-03-24 17:45:00+00:00] [DOT/USDT:USDT] | Rate: 1.363 | Stake amount: 2845.263 | Profit (stake): -5727.723 | Profit: 
-11.28%
2026-09-25 22:22:15,637 - NostalgiaForInfinityX8 - INFO - Grinding entry (grind_5_entry) [2026-03-25 21:15:00+00:00] [DOT/USDT:USDT] | Rate: 1.351 | Stake amount: 805.253 | Profit (stake): -6011.165 |
Profit: -11.84% | Tag: 
2026-09-25 22:22:16,009 - NostalgiaForInfinityX8 - INFO - Grinding entry (grind_3_entry) [2026-03-25 22:10:00+00:00] [AXS/USDT:USDT] | Rate: 1.12 | Stake amount: 1918.486 | Profit (stake): -7210.674 |
Profit: -2.61% | Tag: g24
2026-09-25 22:22:16,228 - NostalgiaForInfinityX8 - INFO - Grinding entry (grind_4_entry) [2026-03-25 22:45:00+00:00] [AXS/USDT:USDT] | Rate: 1.125 | Stake amount: 959.243 | Profit (stake): -7321.101 |
Profit: -2.59% | Tag: g24
2026-09-25 22:22:20,585 - NostalgiaForInfinityX8 - INFO - Grinding exit (grind_3_exit) [2026-03-26 09:35:00+00:00] [AXS/USDT:USDT] | Rate: 1.07 | Stake amount: 1832.553 | Coin amount: 5138.0 | Profit 
(stake): -6071.826 | Profit: -2.13% | Grind profit: 4.46% (259.649 USDT)
2026-09-25 22:22:20,686 - NostalgiaForInfinityX8 - INFO - Grinding entry (grind_3_entry) [2026-03-26 09:50:00+00:00] [AXS/USDT:USDT] | Rate: 1.072 | Stake amount: 1918.486 | Profit (stake): -6108.530 
| Profit: -2.14% | Tag: g0
2026-09-25 22:22:20,894 - NostalgiaForInfinityX8 - INFO - Grinding exit (grind_1_exit) [2026-03-26 10:15:00+00:00] [AXS/USDT:USDT] | Rate: 1.065 | Stake amount: 3731.760 | Coin amount: 10512.0 | 
Profit (stake): -5948.225 | Profit: -2.04% | Grind profit: 2.74% (320.958 USDT)
2026-09-25 22:22:20,934 - NostalgiaForInfinityX8 - INFO - Grinding exit (grind_4_exit) [2026-03-26 10:20:00+00:00] [AXS/USDT:USDT] | Rate: 1.066 | Stake amount: 908.587 | Coin amount: 2557.0 | Profit 
(stake): -5961.430 | Profit: -2.05% | Grind profit: 5.24% (152.226 USDT)
2026-09-25 22:22:21,485 - NostalgiaForInfinityX8 - INFO - Grinding entry (grind_1_entry) [2026-03-26 11:45:00+00:00] [AXS/USDT:USDT] | Rate: 1.066 | Stake amount: 3836.973 | Profit (stake): -5961.430 
| Profit: -2.05% | Tag: g24
2026-09-25 22:22:22,986 - NostalgiaForInfinityX8 - INFO - Grinding entry (grind_4_entry) [2026-03-26 15:20:00+00:00] [AXS/USDT:USDT] | Rate: 1.067 | Stake amount: 959.243 | Profit (stake): -5999.732 |
Profit: -1.98% | Tag: g0
2026-09-25 22:22:23,070 - NostalgiaForInfinityX8 - INFO - Grinding entry (grind_5_entry) [2026-03-26 15:30:00+00:00] [XRP/USDT:USDT] | Rate: 1.3581 | Stake amount: 798.083 | Profit (stake): -5954.588 
| Profit: -10.36% | Tag: 
2026-09-25 22:22:24,021 - NostalgiaForInfinityX8 - INFO - Grinding exit (grind_2_exit) [2026-03-26 17:50:00+00:00] [AXS/USDT:USDT] | Rate: 1.057 | Stake amount: 1848.341 | Coin amount: 5246.0 | Profit
(stake): -5770.243 | Profit: -1.89% | Grind profit: 3.65% (212.613 USDT)
2026-09-25 22:22:24,959 - NostalgiaForInfinityX8 - INFO - Grinding entry (grind_5_entry) [2026-03-26 20:00:00+00:00] [FIL/USDT:USDT] | Rate: 0.863 | Stake amount: 804.996 | Profit (stake): -6626.116 |
Profit: -10.16% | Tag: 
2026-09-25 22:22:28,612 - NostalgiaForInfinityX8 - INFO - Grinding entry (grind_5_entry) [2026-03-27 04:45:00+00:00] [AXS/USDT:USDT] | Rate: 1.137 | Stake amount: 959.243 | Profit (stake): -7374.977 |
Profit: -2.41% | Tag: 
2026-09-25 22:22:38,693 - NostalgiaForInfinityX8 - INFO - De-risk Level 2 [2026-03-28 01:15:00+00:00] [FIL/USDT:USDT] | Rate: 0.826 | Stake amount: 4062.689 | Profit (stake): -8745.039 | Profit: 
-12.93%
2026-09-25 22:22:50,830 - NostalgiaForInfinityX8 - INFO - De-risk Level 3 [2026-03-28 21:55:00+00:00] [FIL/USDT:USDT] | Rate: 0.802 | Stake amount: 6574.408 | Profit (stake): -9762.479 | Profit: 
-14.43%
2026-09-25 22:22:51,737 - NostalgiaForInfinityX8 - INFO - Grinding entry (grind_5_entry) [2026-03-28 23:30:00+00:00] [FIL/USDT:USDT] | Rate: 0.799 | Stake amount: 965.995 | Profit (stake): -9818.113 |
Profit: -14.51% | Tag: 
2026-09-25 22:22:52,325 - NostalgiaForInfinityX8 - INFO - De-risk Level 2 [2026-03-29 00:25:00+00:00] [DOT/USDT:USDT] | Rate: 1.253 | Stake amount: 3923.456 | Profit (stake): -8730.189 | Profit: 
-16.42%
2026-09-25 22:23:02,287 - NostalgiaForInfinityX8 - INFO - Grinding entry (grind_5_entry) [2026-03-29 17:20:00+00:00] [DOT/USDT:USDT] | Rate: 1.252 | Stake amount: 966.304 | Profit (stake): -8734.473 |
Profit: -16.43% | Tag: 
2026-09-25 22:23:05,419 - NostalgiaForInfinityX8 - INFO - Grinding entry (grind_4_entry) [2026-03-29 22:50:00+00:00] [INJ/USDT:USDT] | Rate: 2.736 | Stake amount: 772.048 | Profit (stake): -5274.824 |
Profit: -11.38% | Tag: 
2026-09-25 22:23:06,086 - NostalgiaForInfinityX8 - INFO - Grinding entry (grind_2_entry) [2026-03-30 00:00:00+00:00] [AXS/USDT:USDT] | Rate: 1.116 | Stake amount: 1918.486 | Profit (stake): -7210.293 
| Profit: -2.34% | Tag: g24
2026-09-25 22:23:07,401 - NostalgiaForInfinityX8 - INFO - Grinding entry (grind_1_entry) [2026-03-30 02:05:00+00:00] [AXS/USDT:USDT] | Rate: 1.148 | Stake amount: 3836.973 | Profit (stake): -8073.718 
| Profit: -2.57% | Tag: g20
2026-09-25 22:23:07,900 - NostalgiaForInfinityX8 - INFO - Grinding exit (grind_4_exit) [2026-03-30 02:50:00+00:00] [INJ/USDT:USDT] | Rate: 2.882 | Stake amount: 813.204 | Coin amount: 846.5 | Profit 
(stake): -2956.475 | Profit: -6.08% | Grind profit: 5.34% (122.369 USDT)
2026-09-25 22:23:08,344 - NostalgiaForInfinityX8 - INFO - Grinding entry (grind_4_entry) [2026-03-30 03:35:00+00:00] [AXS/USDT:USDT] | Rate: 1.147 | Stake amount: 1151.092 | Profit (stake): -8048.605 
| Profit: -2.47% | Tag: g24
2026-09-25 22:23:50,591 - NostalgiaForInfinityX8 - INFO - Grinding exit (grind_1_exit) [2026-04-02 09:35:00+00:00] [AXS/USDT:USDT] | Rate: 1.074 | Stake amount: 7454.992 | Coin amount: 20824.0 | 
Profit (stake): -5342.075 | Profit: -1.62% | Grind profit: 2.85% (666.722 USDT)
2026-09-25 22:23:50,769 - NostalgiaForInfinityX8 - INFO - Grinding exit (grind_2_exit) [2026-04-02 09:50:00+00:00] [AXS/USDT:USDT] | Rate: 1.072 | Stake amount: 1842.768 | Coin amount: 5157.0 | Profit
(stake): -5304.476 | Profit: -1.61% | Grind profit: 3.94% (229.672 USDT)
2026-09-25 22:23:51,258 - NostalgiaForInfinityX8 - INFO - Grinding exit (grind_5_exit) [2026-04-02 10:40:00+00:00] [AXS/USDT:USDT] | Rate: 1.065 | Stake amount: 898.150 | Coin amount: 2530.0 | Profit 
(stake): -5208.997 | Profit: -1.58% | Grind profit: 6.33% (183.507 USDT)
2026-09-25 22:23:52,231 - NostalgiaForInfinityX8 - INFO - Grinding entry (grind_1_entry) [2026-04-02 12:20:00+00:00] [AXS/USDT:USDT] | Rate: 1.061 | Stake amount: 3836.973 | Profit (stake): -5171.432 
| Profit: -1.57% | Tag: g0
2026-09-25 22:24:51,717 - NostalgiaForInfinityX8 - INFO - Grinding entry (grind_5_entry) [2026-04-08 00:00:00+00:00] [AXS/USDT:USDT] | Rate: 1.147 | Stake amount: 959.243 | Profit (stake): -7289.643 |
Profit: -2.14% | Tag: 
2026-09-25 22:24:53,121 - NostalgiaForInfinityX8 - INFO - Grinding entry (grind_1_entry) [2026-04-08 04:20:00+00:00] [RUNE/USDT:USDT] | Rate: 0.4028 | Stake amount: 2487.917 | Profit (stake): -642.324
| Profit: -1.72% | Tag: g0
2026-09-25 22:25:20,798 - NostalgiaForInfinityX8 - INFO - Grinding entry (grind_1_entry) [2026-04-10 23:15:00+00:00] [ETH/USDT:USDT] | Rate: 2240.74 | Stake amount: 2338.973 | Profit (stake): -73.804 
| Profit: -0.21% | Tag: g24
2026-09-25 22:25:28,717 - NostalgiaForInfinityX8 - INFO - Grinding exit (grind_1_exit) [2026-04-11 18:40:00+00:00] [ETH/USDT:USDT] | Rate: 2300.41 | Stake amount: 2400.861 | Coin amount: 3.131 | 
Profit (stake): 1046.231 | Profit: 2.48% | Grind profit: 2.66% (183.225 USDT)
2026-09-25 22:25:29,627 - NostalgiaForInfinityX8 - INFO - Grinding entry (grind_1_entry) [2026-04-11 20:45:00+00:00] [FIL/USDT:USDT] | Rate: 0.914 | Stake amount: 2348.142 | Profit (stake): -111.020 |
Profit: -0.32% | Tag: g24
2026-09-25 22:25:38,144 - NostalgiaForInfinityX8 - INFO - Grinding entry (grind_1_entry) [2026-04-12 17:55:00+00:00] [DOGE/USDT:USDT] | Rate: 0.09102 | Stake amount: 1617.619 | Profit (stake): 
-1032.441 | Profit: -4.25% | Tag: g0
2026-09-25 22:25:39,838 - NostalgiaForInfinityX8 - INFO - Grinding exit (grind_5_exit) [2026-04-12 22:20:00+00:00] [AXS/USDT:USDT] | Rate: 1.067 | Stake amount: 892.012 | Coin amount: 2508.0 | Profit 
(stake): -5458.476 | Profit: -1.59% | Grind profit: 6.97% (201.978 USDT)
2026-09-25 22:25:50,020 - NostalgiaForInfinityX8 - INFO - De-risk Level 1 [2026-04-13 22:20:00+00:00] [BTC/USDT:USDT] | Rate: 74157.5 | Stake amount: 2511.467 | Profit (stake): -4084.907 | Profit: 
-12.16%
2026-09-25 22:25:50,027 - NostalgiaForInfinityX8 - INFO - Grinding exit (grind_1_exit) [2026-04-13 22:20:00+00:00] [DOGE/USDT:USDT] | Rate: 0.09411 | Stake amount: 1672.523 | Coin amount: 53316.0 | 
Profit (stake): -82.661 | Profit: -0.28% | Grind profit: 3.39% (162.238 USDT)
2026-09-25 22:25:52,041 - NostalgiaForInfinityX8 - INFO - Grinding entry (grind_5_entry) [2026-04-14 04:25:00+00:00] [BTC/USDT:USDT] | Rate: 74418.3 | Stake amount: 560.329 | Profit (stake): -4192.878
| Profit: -12.48% | Tag: 
2026-09-25 22:26:00,578 - NostalgiaForInfinityX8 - INFO - Grinding entry (grind_1_entry) [2026-04-15 01:05:00+00:00] [AAVE/USDT:USDT] | Rate: 100.56 | Stake amount: 2396.387 | Profit (stake): -326.273
| Profit: -0.91% | Tag: g27
2026-09-25 22:26:05,013 - NostalgiaForInfinityX8 - INFO - Grinding entry (grind_2_entry) [2026-04-15 11:35:00+00:00] [AXS/USDT:USDT] | Rate: 1.113 | Stake amount: 1918.486 | Profit (stake): -6566.378 
| Profit: -1.91% | Tag: g14
2026-09-25 22:26:05,910 - NostalgiaForInfinityX8 - INFO - Grinding entry (grind_5_entry) [2026-04-15 13:40:00+00:00] [AXS/USDT:USDT] | Rate: 1.115 | Stake amount: 959.243 | Profit (stake): -6629.114 |
Profit: -1.90% | Tag: g24
2026-09-25 22:26:06,102 - NostalgiaForInfinityX8 - INFO - Grinding exit (grind_1_exit) [2026-04-15 14:05:00+00:00] [AAVE/USDT:USDT] | Rate: 105.41 | Stake amount: 2508.758 | Coin amount: 71.4 | Profit
(stake): 1727.959 | Profit: 4.00% | Grind profit: 4.82% (342.527 USDT)
2026-09-25 22:26:10,847 - NostalgiaForInfinityX8 - INFO - Grinding entry (grind_1_entry) [2026-04-16 02:35:00+00:00] [AVAX/USDT:USDT] | Rate: 9.443 | Stake amount: 2523.968 | Profit (stake): -402.784 
| Profit: -1.06% | Tag: g0
2026-09-25 22:26:14,716 - NostalgiaForInfinityX8 - INFO - Grinding entry (grind_1_entry) [2026-04-16 11:35:00+00:00] [LINK/USDT:USDT] | Rate: 9.273 | Stake amount: 2631.028 | Profit (stake): -368.234 
| Profit: -0.93% | Tag: g24
2026-09-25 22:26:15,368 - NostalgiaForInfinityX8 - INFO - De-risk Level 1 [2026-04-16 13:15:00+00:00] [DOT/USDT:USDT] | Rate: 1.297 | Stake amount: 2745.170 | Profit (stake): -4752.468 | Profit: 
-12.97%
2026-09-25 22:26:17,349 - NostalgiaForInfinityX8 - INFO - Grinding entry (grind_5_entry) [2026-04-16 19:20:00+00:00] [DOT/USDT:USDT] | Rate: 1.332 | Stake amount: 611.155 | Profit (stake): -5638.497 |
Profit: -15.38% | Tag: 
2026-09-25 22:26:19,332 - NostalgiaForInfinityX8 - INFO - Grinding entry (grind_1_entry) [2026-04-17 01:45:00+00:00] [FIL/USDT:USDT] | Rate: 0.992 | Stake amount: 2567.312 | Profit (stake): -576.436 |
Profit: -1.50% | Tag: g24
2026-09-25 22:26:24,951 - NostalgiaForInfinityX8 - INFO - Grinding entry (grind_5_entry) [2026-04-17 15:00:00+00:00] [AXS/USDT:USDT] | Rate: 1.206 | Stake amount: 1151.092 | Profit (stake): -9332.141 
| Profit: -2.65% | Tag: 
2026-09-25 22:26:27,674 - NostalgiaForInfinityX8 - INFO - Grinding entry (grind_1_entry) [2026-04-17 22:30:00+00:00] [BTC/USDT:USDT] | Rate: 77350.1 | Stake amount: 2593.026 | Profit (stake): -413.752
| Profit: -1.06% | Tag: g24
2026-09-25 22:26:41,918 - NostalgiaForInfinityX8 - INFO - Grinding exit (grind_5_exit) [2026-04-19 07:25:00+00:00] [DOT/USDT:USDT] | Rate: 1.249 | Stake amount: 573.041 | Coin amount: 1376.4 | Profit 
(stake): -3403.595 | Profit: -8.84% | Grind profit: 6.23% (115.101 USDT)
2026-09-25 22:26:48,299 - NostalgiaForInfinityX8 - INFO - Grinding exit (grind_5_exit) [2026-04-19 22:15:00+00:00] [AXS/USDT:USDT] | Rate: 1.091 | Stake amount: 1979.438 | Coin amount: 5443.0 | Profit
(stake): -5636.832 | Profit: -1.59% | Grind profit: 6.18% (394.134 USDT)
2026-09-25 22:26:48,320 - NostalgiaForInfinityX8 - INFO - De-risk Level 1 [2026-04-19 22:15:00+00:00] [FIL/USDT:USDT] | Rate: 0.906 | Stake amount: 2312.112 | Profit (stake): -4557.198 | Profit: 
-9.86%
2026-09-25 22:26:48,440 - NostalgiaForInfinityX8 - INFO - Grinding entry (grind_5_entry) [2026-04-19 22:35:00+00:00] [AXS/USDT:USDT] | Rate: 1.087 | Stake amount: 959.243 | Profit (stake): -5528.286 |
Profit: -1.56% | Tag: g24
2026-09-25 22:26:48,460 - NostalgiaForInfinityX8 - INFO - Grinding entry (grind_1_entry) [2026-04-19 22:35:00+00:00] [DOT/USDT:USDT] | Rate: 1.244 | Stake amount: 2444.619 | Profit (stake): -3277.059 
| Profit: -8.52% | Tag: g24
2026-09-25 22:26:51,059 - NostalgiaForInfinityX8 - INFO - Grinding entry (grind_5_entry) [2026-04-20 04:35:00+00:00] [FIL/USDT:USDT] | Rate: 0.921 | Stake amount: 641.828 | Profit (stake): -3977.503 |
Profit: -8.60% | Tag: 
2026-09-25 22:27:17,114 - NostalgiaForInfinityX8 - INFO - Grinding exit (grind_1_exit) [2026-04-22 15:55:00+00:00] [BTC/USDT:USDT] | Rate: 79364.2 | Stake amount: 2645.473 | Coin amount: 0.1 | Profit 
(stake): 816.974 | Profit: 1.75% | Grind profit: 2.60% (197.442 USDT)
2026-09-25 22:27:17,624 - NostalgiaForInfinityX8 - INFO - Grinding entry (grind_2_entry) [2026-04-22 17:00:00+00:00] [FIL/USDT:USDT] | Rate: 0.95 | Stake amount: 1283.656 | Profit (stake): -2824.790 |
Profit: -5.87% | Tag: g24
2026-09-25 22:27:19,053 - NostalgiaForInfinityX8 - INFO - Grinding entry (grind_4_entry) [2026-04-22 20:10:00+00:00] [CRV/USDT:USDT] | Rate: 0.228 | Stake amount: 658.758 | Profit (stake): -2678.974 |
Profit: -6.77% | Tag: 
2026-09-25 22:27:19,821 - NostalgiaForInfinityX8 - INFO - Grinding entry (grind_1_entry) [2026-04-22 22:00:00+00:00] [ETH/USDT:USDT] | Rate: 2401.72 | Stake amount: 2503.455 | Profit (stake): -612.084
| Profit: -1.63% | Tag: g24
2026-09-25 22:27:45,790 - NostalgiaForInfinityX8 - INFO - Grinding de-risk (grind_1_derisk) [2026-04-25 05:30:00+00:00] [AXS/USDT:USDT] | Rate: 1.308 | Stake amount: 4730.164 | Coin amount: 10849.0 | 
Profit (stake): -12169.784 | Profit: -3.40% | Grind profit: -23.28% (-2672.608 USDT)
2026-09-25 22:27:45,850 - NostalgiaForInfinityX8 - INFO - Grinding de-risk (grind_3_derisk) [2026-04-25 05:35:00+00:00] [AXS/USDT:USDT] | Rate: 1.332 | Stake amount: 2383.392 | Coin amount: 5368.0 | 
Profit (stake): -12624.139 | Profit: -3.52% | Grind profit: -24.25% (-1392.105 USDT)
2026-09-25 22:27:46,108 - NostalgiaForInfinityX8 - INFO - De-risk Level 1 [2026-04-25 06:00:00+00:00] [ALGO/USDT:USDT] | Rate: 0.1142 | Stake amount: 2607.762 | Profit (stake): -4281.594 | Profit: 
-12.29%
2026-09-25 22:27:48,698 - NostalgiaForInfinityX8 - INFO - Grinding entry (grind_5_entry) [2026-04-25 13:15:00+00:00] [ALGO/USDT:USDT] | Rate: 0.1148 | Stake amount: 581.152 | Profit (stake): -4442.929
| Profit: -12.75% | Tag: 
2026-09-25 22:28:19,752 - NostalgiaForInfinityX8 - INFO - Grinding entry (grind_1_entry) [2026-04-28 20:25:00+00:00] [CRV/USDT:USDT] | Rate: 0.227 | Stake amount: 2635.031 | Profit (stake): -2910.500 
| Profit: -7.01% | Tag: g24
2026-09-25 22:28:22,593 - NostalgiaForInfinityX8 - INFO - Grinding exit (grind_1_exit) [2026-04-29 04:00:00+00:00] [CRV/USDT:USDT] | Rate: 0.233 | Stake amount: 2704.672 | Coin amount: 34824.1 | 
Profit (stake): -1690.806 | Profit: -3.42% | Grind profit: 2.64% (204.888 USDT)
2026-09-25 22:28:25,434 - NostalgiaForInfinityX8 - INFO - Grinding exit (grind_5_exit) [2026-04-29 11:15:00+00:00] [FIL/USDT:USDT] | Rate: 0.981 | Stake amount: 683.626 | Coin amount: 2090.6 | Profit 
(stake): -1486.712 | Profit: -2.86% | Grind profit: 6.51% (124.411 USDT)
2026-09-25 22:28:27,004 - NostalgiaForInfinityX8 - INFO - Grinding exit (grind_1_exit) [2026-04-29 15:40:00+00:00] [DOT/USDT:USDT] | Rate: 1.206 | Stake amount: 2369.911 | Coin amount: 5895.3 | Profit
(stake): -2145.565 | Profit: -4.68% | Grind profit: 3.05% (227.576 USDT)
2026-09-25 22:28:27,855 - NostalgiaForInfinityX8 - INFO - Grinding entry (grind_4_entry) [2026-04-29 18:10:00+00:00] [FIL/USDT:USDT] | Rate: 0.888 | Stake amount: 641.828 | Profit (stake): -5426.000 |
Profit: -10.43% | Tag: 
2026-09-25 22:28:30,541 - NostalgiaForInfinityX8 - INFO - Grinding exit (grind_4_exit) [2026-04-30 02:15:00+00:00] [FIL/USDT:USDT] | Rate: 0.937 | Stake amount: 677.232 | Coin amount: 2168.3 | Profit 
(stake): -3247.215 | Profit: -6.02% | Grind profit: 5.52% (105.231 USDT)
2026-09-25 22:28:30,550 - NostalgiaForInfinityX8 - INFO - Grinding entry (grind_1_entry) [2026-04-30 02:15:00+00:00] [CRV/USDT:USDT] | Rate: 0.2309 | Stake amount: 2635.031 | Profit (stake): -2045.253
| Profit: -4.14% | Tag: g24
2026-09-25 22:28:34,029 - NostalgiaForInfinityX8 - INFO - Grinding exit (grind_1_exit) [2026-04-30 12:35:00+00:00] [CRV/USDT:USDT] | Rate: 0.2371 | Stake amount: 2705.785 | Coin amount: 34236.0 | 
Profit (stake): -782.601 | Profit: -1.36% | Grind profit: 2.69% (208.205 USDT)
2026-09-25 22:28:34,818 - NostalgiaForInfinityX8 - INFO - Grinding entry (grind_1_entry) [2026-04-30 15:00:00+00:00] [DOT/USDT:USDT] | Rate: 1.206 | Stake amount: 2444.619 | Profit (stake): -2155.253 
| Profit: -4.70% | Tag: g24
2026-09-25 22:28:42,027 - NostalgiaForInfinityX8 - INFO - Grinding exit (grind_5_exit) [2026-05-01 12:10:00+00:00] [ALGO/USDT:USDT] | Rate: 0.1075 | Stake amount: 544.194 | Coin amount: 15186.8 | 
Profit (stake): -2315.537 | Profit: -6.33% | Grind profit: 6.36% (111.680 USDT)
2026-09-25 22:29:03,608 - NostalgiaForInfinityX8 - INFO - Grinding exit (grind_4_exit) [2026-05-04 02:55:00+00:00] [CRV/USDT:USDT] | Rate: 0.2401 | Stake amount: 693.713 | Coin amount: 8667.8 | Profit
(stake): -265.199 | Profit: -0.46% | Grind profit: 5.31% (103.840 USDT)
2026-09-25 22:29:15,413 - NostalgiaForInfinityX8 - INFO - Grinding entry (grind_5_entry) [2026-05-05 12:15:00+00:00] [ALGO/USDT:USDT] | Rate: 0.1218 | Stake amount: 581.152 | Profit (stake): -6236.462
| Profit: -17.04% | Tag: 
2026-09-25 22:29:18,142 - NostalgiaForInfinityX8 - INFO - Grinding exit (grind_2_exit) [2026-05-05 20:55:00+00:00] [FIL/USDT:USDT] | Rate: 0.986 | Stake amount: 1332.283 | Coin amount: 4053.6 | Profit
(stake): -1198.752 | Profit: -2.22% | Grind profit: 3.79% (143.931 USDT)
2026-09-25 22:29:19,402 - NostalgiaForInfinityX8 - INFO - Grinding entry (grind_1_entry) [2026-05-06 00:35:00+00:00] [CRV/USDT:USDT] | Rate: 0.2396 | Stake amount: 2635.031 | Profit (stake): -351.906 
| Profit: -0.61% | Tag: g24
2026-09-25 22:29:19,874 - NostalgiaForInfinityX8 - INFO - Grinding exit (grind_1_exit) [2026-05-06 01:55:00+00:00] [FIL/USDT:USDT] | Rate: 1.029 | Stake amount: 2663.052 | Coin amount: 7764.0 | Profit
(stake): 447.368 | Profit: 0.83% | Grind profit: 3.73% (283.273 USDT)
2026-09-25 22:29:20,548 - NostalgiaForInfinityX8 - INFO - Grinding exit (grind_1_exit) [2026-05-06 04:10:00+00:00] [CRV/USDT:USDT] | Rate: 0.2462 | Stake amount: 2707.609 | Coin amount: 32992.8 | 
Profit (stake): 926.431 | Profit: 1.42% | Grind profit: 2.75% (213.691 USDT)
2026-09-25 22:29:21,578 - NostalgiaForInfinityX8 - INFO - De-risk Level 2 [2026-05-06 07:30:00+00:00] [ALGO/USDT:USDT] | Rate: 0.1221 | Stake amount: 4182.238 | Profit (stake): -6319.883 | Profit: 
-16.49%
2026-09-25 22:29:25,283 - NostalgiaForInfinityX8 - INFO - Grinding entry (grind_1_entry) [2026-05-06 20:00:00+00:00] [AVAX/USDT:USDT] | Rate: 9.603 | Stake amount: 2298.681 | Profit (stake): -608.573 
| Profit: -1.76% | Tag: g24
2026-09-25 22:29:29,885 - NostalgiaForInfinityX8 - INFO - Grinding entry (grind_1_entry) [2026-05-07 12:00:00+00:00] [DOGE/USDT:USDT] | Rate: 0.11106 | Stake amount: 2317.741 | Profit (stake): 
-1386.864 | Profit: -3.99% | Tag: g14
2026-09-25 22:29:31,176 - NostalgiaForInfinityX8 - INFO - Grinding entry (grind_1_entry) [2026-05-07 16:20:00+00:00] [AAVE/USDT:USDT] | Rate: 91.94 | Stake amount: 1234.582 | Profit (stake): -1.519 | 
Profit: -0.01% | Tag: g24
2026-09-25 22:29:39,496 - NostalgiaForInfinityX8 - INFO - Grinding exit (grind_1_exit) [2026-05-08 18:25:00+00:00] [AVAX/USDT:USDT] | Rate: 9.898 | Stake amount: 2368.921 | Coin amount: 718.0 | Profit
(stake): 620.429 | Profit: 1.50% | Grind profit: 3.07% (208.257 USDT)
2026-09-25 22:29:40,417 - NostalgiaForInfinityX8 - INFO - De-risk Level 1 [2026-05-08 21:05:00+00:00] [INJ/USDT:USDT] | Rate: 4.268 | Stake amount: 1719.890 | Profit (stake): -2764.086 | Profit: 
-11.99%
2026-09-25 22:29:41,796 - NostalgiaForInfinityX8 - INFO - Grinding entry (grind_5_entry) [2026-05-09 03:10:00+00:00] [INJ/USDT:USDT] | Rate: 4.341 | Stake amount: 384.336 | Profit (stake): -3117.217 |
Profit: -13.52% | Tag: 
2026-09-25 22:29:44,147 - NostalgiaForInfinityX8 - INFO - Grinding entry (grind_1_entry) [2026-05-09 10:45:00+00:00] [BTC/USDT:USDT] | Rate: 80292.0 | Stake amount: 2271.513 | Profit (stake): -141.908
| Profit: -0.42% | Tag: g24
2026-09-25 22:29:54,485 - NostalgiaForInfinityX8 - INFO - De-risk Level 1 [2026-05-10 19:00:00+00:00] [AAVE/USDT:USDT] | Rate: 101.33 | Stake amount: 1360.524 | Profit (stake): -2270.040 | Profit: 
-10.22%
2026-09-25 22:29:55,046 - NostalgiaForInfinityX8 - INFO - Grinding entry (grind_4_entry) [2026-05-10 20:50:00+00:00] [FIL/USDT:USDT] | Rate: 1.11 | Stake amount: 572.529 | Profit (stake): -2207.425 | 
Profit: -6.42% | Tag: 
2026-09-25 22:30:00,121 - NostalgiaForInfinityX8 - INFO - Grinding entry (grind_1_entry) [2026-05-11 12:25:00+00:00] [ALGO/USDT:USDT] | Rate: 0.1241 | Stake amount: 2281.422 | Profit (stake): 
-1689.563 | Profit: -4.93% | Tag: g0
2026-09-25 22:30:01,962 - NostalgiaForInfinityX8 - INFO - De-risk Level 2 [2026-05-11 18:05:00+00:00] [INJ/USDT:USDT] | Rate: 4.554 | Stake amount: 2752.711 | Profit (stake): -4207.327 | Profit: 
-17.38%
2026-09-25 22:30:02,921 - NostalgiaForInfinityX8 - INFO - De-risk Level 3 [2026-05-11 21:05:00+00:00] [INJ/USDT:USDT] | Rate: 4.696 | Stake amount: 4730.907 | Profit (stake): -4674.456 | Profit: 
-19.32%
2026-09-25 22:30:03,122 - NostalgiaForInfinityX8 - INFO - Grinding entry (grind_5_entry) [2026-05-11 21:40:00+00:00] [INJ/USDT:USDT] | Rate: 4.67 | Stake amount: 461.203 | Profit (stake): -4667.542 | 
Profit: -19.29% | Tag: 
2026-09-25 22:30:05,659 - NostalgiaForInfinityX8 - INFO - Grinding entry (grind_1_entry) [2026-05-12 05:10:00+00:00] [FIL/USDT:USDT] | Rate: 1.112 | Stake amount: 2290.115 | Profit (stake): -2153.011 
| Profit: -5.97% | Tag: g0
2026-09-25 22:30:08,050 - NostalgiaForInfinityX8 - INFO - Grinding entry (grind_4_entry) [2026-05-12 12:15:00+00:00] [INJ/USDT:USDT] | Rate: 4.919 | Stake amount: 384.336 | Profit (stake): -4809.691 |
Profit: -18.80% | Tag: 
2026-09-25 22:30:08,814 - NostalgiaForInfinityX8 - INFO - Grinding exit (grind_4_exit) [2026-05-12 14:35:00+00:00] [INJ/USDT:USDT] | Rate: 4.665 | Stake amount: 364.337 | Coin amount: 234.3 | Profit 
(stake): -4608.482 | Profit: -17.24% | Grind profit: 5.16% (60.059 USDT)
2026-09-25 22:30:13,001 - NostalgiaForInfinityX8 - INFO - Grinding entry (grind_4_entry) [2026-05-13 02:50:00+00:00] [INJ/USDT:USDT] | Rate: 5.122 | Stake amount: 384.336 | Profit (stake): -4866.584 |
Profit: -18.20% | Tag: 
2026-09-25 22:30:14,961 - NostalgiaForInfinityX8 - INFO - Grinding de-risk (grind_5_derisk) [2026-05-13 08:15:00+00:00] [INJ/USDT:USDT] | Rate: 5.539 | Stake amount: 1037.270 | Coin amount: 561.8 | 
Profit (stake): -5201.294 | Profit: -18.65% | Grind profit: -18.65% (-574.031 USDT)
2026-09-25 22:30:15,048 - NostalgiaForInfinityX8 - INFO - Grinding entry (grind_5_entry) [2026-05-13 08:30:00+00:00] [INJ/USDT:USDT] | Rate: 5.5 | Stake amount: 384.336 | Profit (stake): -5192.499 | 
Profit: -18.62% | Tag: 
2026-09-25 22:30:15,457 - NostalgiaForInfinityX8 - INFO - Grinding exit (grind_1_exit) [2026-05-13 09:40:00+00:00] [DOGE/USDT:USDT] | Rate: 0.11435 | Stake amount: 2386.370 | Coin amount: 62607.0 | 
Profit (stake): -232.732 | Profit: -0.56% | Grind profit: 2.96% (202.397 USDT)
2026-09-25 22:30:15,465 - NostalgiaForInfinityX8 - INFO - Grinding entry (grind_4_entry) [2026-05-13 09:40:00+00:00] [INJ/USDT:USDT] | Rate: 5.793 | Stake amount: 461.203 | Profit (stake): -5321.170 |
Profit: -18.32% | Tag: 
2026-09-25 22:30:16,586 - NostalgiaForInfinityX8 - INFO - De-risk Level 1 [2026-05-13 12:40:00+00:00] [FIL/USDT:USDT] | Rate: 1.059 | Stake amount: 2046.609 | Profit (stake): -4110.363 | Profit: 
-9.57%
2026-09-25 22:30:17,767 - NostalgiaForInfinityX8 - INFO - De-risk Level 1 [2026-05-13 15:55:00+00:00] [ALGO/USDT:USDT] | Rate: 0.1167 | Stake amount: 2041.733 | Profit (stake): -4035.111 | Profit: 
-9.82%
2026-09-25 22:30:19,065 - NostalgiaForInfinityX8 - INFO - Grinding exit (grind_4_exit) [2026-05-13 19:35:00+00:00] [INJ/USDT:USDT] | Rate: 5.168 | Stake amount: 799.145 | Coin amount: 463.9 | Profit 
(stake): -4906.170 | Profit: -16.13% | Grind profit: 5.48% (140.094 USDT)
2026-09-25 22:30:19,127 - NostalgiaForInfinityX8 - INFO - Grinding exit (grind_5_exit) [2026-05-13 19:45:00+00:00] [INJ/USDT:USDT] | Rate: 5.161 | Stake amount: 352.228 | Coin amount: 209.6 | Profit 
(stake): -4904.699 | Profit: -16.12% | Grind profit: 6.16% (71.595 USDT)
2026-09-25 22:30:20,031 - NostalgiaForInfinityX8 - INFO - Grinding entry (grind_5_entry) [2026-05-13 22:15:00+00:00] [FIL/USDT:USDT] | Rate: 1.043 | Stake amount: 572.529 | Profit (stake): -4606.432 |
Profit: -10.72% | Tag: 
2026-09-25 22:30:20,751 - NostalgiaForInfinityX8 - INFO - Grinding entry (grind_2_entry) [2026-05-14 00:10:00+00:00] [ALGO/USDT:USDT] | Rate: 0.1189 | Stake amount: 1140.711 | Profit (stake): 
-3441.203 | Profit: -8.38% | Tag: g0
2026-09-25 22:30:21,221 - NostalgiaForInfinityX8 - INFO - Grinding entry (grind_1_entry) [2026-05-14 01:30:00+00:00] [DOGE/USDT:USDT] | Rate: 0.11418 | Stake amount: 2317.741 | Profit (stake): 
-289.163 | Profit: -0.69% | Tag: g24
2026-09-25 22:30:24,509 - NostalgiaForInfinityX8 - INFO - Grinding entry (grind_1_entry) [2026-05-14 10:35:00+00:00] [INJ/USDT:USDT] | Rate: 5.304 | Stake amount: 1537.343 | Profit (stake): -4905.466 
| Profit: -16.12% | Tag: g3
2026-09-25 22:30:25,039 - NostalgiaForInfinityX8 - INFO - Grinding exit (grind_1_exit) [2026-05-14 12:00:00+00:00] [INJ/USDT:USDT] | Rate: 5.153 | Stake amount: 1493.511 | Coin amount: 869.5 | Profit 
(stake): -4777.917 | Profit: -13.64% | Grind profit: 2.85% (133.535 USDT)
2026-09-25 22:30:34,219 - NostalgiaForInfinityX8 - INFO - De-risk Level 2 [2026-05-15 14:00:00+00:00] [FIL/USDT:USDT] | Rate: 0.987 | Stake amount: 2861.195 | Profit (stake): -6432.776 | Profit: 
-14.40%
2026-09-25 22:30:37,650 - NostalgiaForInfinityX8 - INFO - Grinding entry (grind_1_entry) [2026-05-15 23:25:00+00:00] [FIL/USDT:USDT] | Rate: 1.01 | Stake amount: 2290.115 | Profit (stake): -5883.489 |
Profit: -13.17% | Tag: g0
2026-09-25 22:30:40,357 - NostalgiaForInfinityX8 - INFO - Grinding exit (grind_1_exit) [2026-05-16 06:50:00+00:00] [AAVE/USDT:USDT] | Rate: 89.54 | Stake amount: 1199.836 | Coin amount: 40.2 | Profit 
(stake): 104.319 | Profit: 0.47% | Grind profit: 2.61% (98.280 USDT)
2026-09-25 22:30:40,377 - NostalgiaForInfinityX8 - INFO - Grinding entry (grind_5_entry) [2026-05-16 06:50:00+00:00] [ALGO/USDT:USDT] | Rate: 0.1115 | Stake amount: 570.355 | Profit (stake): -5617.025
| Profit: -12.62% | Tag: 
2026-09-25 22:30:40,517 - NostalgiaForInfinityX8 - INFO - De-risk Level 1 [2026-05-16 07:15:00+00:00] [ETH/USDT:USDT] | Rate: 2190.68 | Stake amount: 2247.200 | Profit (stake): -4505.802 | Profit: 
-9.99%
2026-09-25 22:30:40,539 - NostalgiaForInfinityX8 - INFO - De-risk Level 3 [2026-05-16 07:15:00+00:00] [FIL/USDT:USDT] | Rate: 0.966 | Stake amount: 4667.197 | Profit (stake): -7240.805 | Profit: 
-14.05%
2026-09-25 22:30:40,790 - NostalgiaForInfinityX8 - INFO - Grinding entry (grind_1_entry) [2026-05-16 07:50:00+00:00] [GALA/USDT:USDT] | Rate: 0.003385 | Stake amount: 2135.076 | Profit (stake): 
908.618 | Profit: 2.84% | Tag: g0
2026-09-25 22:30:41,307 - NostalgiaForInfinityX8 - INFO - De-risk Level 2 [2026-05-16 09:20:00+00:00] [ALGO/USDT:USDT] | Rate: 0.1097 | Stake amount: 2878.895 | Profit (stake): -6171.282 | Profit: 
-13.35%
2026-09-25 22:30:44,005 - NostalgiaForInfinityX8 - INFO - Grinding entry (grind_1_entry) [2026-05-16 16:45:00+00:00] [ETH/USDT:USDT] | Rate: 2171.2 | Stake amount: 1910.688 | Profit (stake): 258.240 |
Profit: 0.90% | Tag: g0
2026-09-25 22:30:47,613 - NostalgiaForInfinityX8 - INFO - Grinding entry (grind_1_entry) [2026-05-17 02:50:00+00:00] [SAND/USDT:USDT] | Rate: 0.07223 | Stake amount: 1913.805 | Profit (stake): 221.697
| Profit: 0.77% | Tag: g24
2026-09-25 22:30:55,519 - NostalgiaForInfinityX8 - INFO - De-risk Level 3 [2026-05-17 23:45:00+00:00] [ALGO/USDT:USDT] | Rate: 0.1066 | Stake amount: 4662.569 | Profit (stake): -6879.997 | Profit: 
-14.88%
2026-09-25 22:30:55,533 - NostalgiaForInfinityX8 - INFO - Grinding entry (grind_4_entry) [2026-05-17 23:45:00+00:00] [CRV/USDT:USDT] | Rate: 0.2267 | Stake amount: 478.452 | Profit (stake): -1854.611 
| Profit: -6.46% | Tag: 
2026-09-25 22:30:55,622 - NostalgiaForInfinityX8 - INFO - Grinding entry (grind_5_entry) [2026-05-18 00:00:00+00:00] [FIL/USDT:USDT] | Rate: 0.941 | Stake amount: 687.035 | Profit (stake): -7642.678 |
Profit: -14.82% | Tag: 
2026-09-25 22:30:58,274 - NostalgiaForInfinityX8 - INFO - Grinding entry (grind_1_entry) [2026-05-18 07:00:00+00:00] [ETH/USDT:USDT] | Rate: 2117.95 | Stake amount: 1835.263 | Profit (stake): 37.987 |
Profit: 0.14% | Tag: g24
2026-09-25 22:31:03,752 - NostalgiaForInfinityX8 - INFO - Grinding exit (grind_4_exit) [2026-05-18 21:50:00+00:00] [CRV/USDT:USDT] | Rate: 0.2383 | Stake amount: 502.932 | Coin amount: 6331.5 | Profit
(stake): -407.722 | Profit: -1.35% | Grind profit: 5.12% (72.691 USDT)
2026-09-25 22:31:09,824 - NostalgiaForInfinityX8 - INFO - Grinding entry (grind_1_entry) [2026-05-19 14:35:00+00:00] [BTC/USDT:USDT] | Rate: 76244.4 | Stake amount: 1838.410 | Profit (stake): 101.984 
| Profit: 0.37% | Tag: g0
2026-09-25 22:31:13,977 - NostalgiaForInfinityX8 - INFO - Grinding entry (grind_1_entry) [2026-05-20 01:30:00+00:00] [INJ/USDT:USDT] | Rate: 4.886 | Stake amount: 1537.343 | Profit (stake): -4776.528 
| Profit: -13.63% | Tag: g22
2026-09-25 22:31:14,449 - NostalgiaForInfinityX8 - INFO - Grinding entry (grind_2_entry) [2026-05-20 02:45:00+00:00] [INJ/USDT:USDT] | Rate: 4.886 | Stake amount: 768.672 | Profit (stake): -4781.140 |
Profit: -12.06% | Tag: g22
2026-09-25 22:31:19,315 - NostalgiaForInfinityX8 - INFO - Grinding entry (grind_4_entry) [2026-05-20 14:30:00+00:00] [INJ/USDT:USDT] | Rate: 5.121 | Stake amount: 384.336 | Profit (stake): -5118.424 |
Profit: -12.20% | Tag: 
2026-09-25 22:31:20,568 - NostalgiaForInfinityX8 - INFO - Grinding exit (grind_5_exit) [2026-05-20 17:45:00+00:00] [ALGO/USDT:USDT] | Rate: 0.1185 | Stake amount: 606.159 | Coin amount: 15345.8 | 
Profit (stake): -5694.307 | Profit: -12.32% | Grind profit: 6.28% (106.511 USDT)
2026-09-25 22:31:22,194 - NostalgiaForInfinityX8 - INFO - Grinding exit (grind_4_exit) [2026-05-20 22:05:00+00:00] [INJ/USDT:USDT] | Rate: 4.797 | Stake amount: 359.935 | Coin amount: 225.1 | Profit 
(stake): -4586.268 | Profit: -10.64% | Grind profit: 6.33% (73.472 USDT)
2026-09-25 22:31:22,631 - NostalgiaForInfinityX8 - INFO - Grinding exit (grind_1_exit) [2026-05-20 23:10:00+00:00] [INJ/USDT:USDT] | Rate: 4.755 | Stake amount: 1496.082 | Coin amount: 943.9 | Profit 
(stake): -4526.548 | Profit: -10.50% | Grind profit: 2.68% (125.895 USDT)
2026-09-25 22:31:22,965 - NostalgiaForInfinityX8 - INFO - Grinding entry (grind_3_entry) [2026-05-21 00:00:00+00:00] [ALGO/USDT:USDT] | Rate: 0.1176 | Stake amount: 1140.711 | Profit (stake): 
-5770.195 | Profit: -12.48% | Tag: g24
2026-09-25 22:31:23,034 - NostalgiaForInfinityX8 - INFO - Grinding entry (grind_4_entry) [2026-05-21 00:10:00+00:00] [ALGO/USDT:USDT] | Rate: 0.1171 | Stake amount: 570.355 | Profit (stake): -5830.105
| Profit: -11.74% | Tag: g24
2026-09-25 22:31:23,157 - NostalgiaForInfinityX8 - INFO - Grinding entry (grind_5_entry) [2026-05-21 00:30:00+00:00] [ALGO/USDT:USDT] | Rate: 0.1168 | Stake amount: 570.355 | Profit (stake): -5870.611
| Profit: -11.43% | Tag: g24
2026-09-25 22:31:30,859 - NostalgiaForInfinityX8 - INFO - Grinding entry (grind_1_entry) [2026-05-21 20:10:00+00:00] [ALGO/USDT:USDT] | Rate: 0.1153 | Stake amount: 2281.422 | Profit (stake): 
-6085.433 | Profit: -11.47% | Tag: g24
2026-09-25 22:31:37,065 - NostalgiaForInfinityX8 - INFO - Grinding entry (grind_4_entry) [2026-05-22 10:55:00+00:00] [INJ/USDT:USDT] | Rate: 5.388 | Stake amount: 384.336 | Profit (stake): -4829.398 |
Profit: -11.21% | Tag: 
2026-09-25 22:31:41,677 - NostalgiaForInfinityX8 - INFO - Grinding entry (grind_1_entry) [2026-05-22 22:30:00+00:00] [ETH/USDT:USDT] | Rate: 2072.0 | Stake amount: 1845.361 | Profit (stake): 552.915 |
Profit: 2.00% | Tag: g0
2026-09-25 22:31:42,240 - NostalgiaForInfinityX8 - INFO - Grinding exit (grind_4_exit) [2026-05-22 23:50:00+00:00] [INJ/USDT:USDT] | Rate: 5.105 | Stake amount: 363.987 | Coin amount: 213.9 | Profit 
(stake): -4634.705 | Profit: -10.47% | Grind profit: 5.25% (61.080 USDT)
2026-09-25 22:31:45,702 - NostalgiaForInfinityX8 - INFO - Grinding entry (grind_4_entry) [2026-05-23 07:55:00+00:00] [DOGE/USDT:USDT] | Rate: 0.09855 | Stake amount: 479.590 | Profit (stake): 
-3140.572 | Profit: -10.91% | Tag: 
2026-09-25 22:31:47,013 - NostalgiaForInfinityX8 - INFO - Grinding entry (grind_1_entry) [2026-05-23 11:30:00+00:00] [INJ/USDT:USDT] | Rate: 4.956 | Stake amount: 1537.343 | Profit (stake): -4564.660 
| Profit: -10.32% | Tag: g22
2026-09-25 22:31:47,085 - NostalgiaForInfinityX8 - INFO - Grinding entry (grind_3_entry) [2026-05-23 11:40:00+00:00] [INJ/USDT:USDT] | Rate: 4.906 | Stake amount: 768.672 | Profit (stake): -4498.847 |
Profit: -9.21% | Tag: g22
2026-09-25 22:31:47,161 - NostalgiaForInfinityX8 - INFO - Grinding entry (grind_4_entry) [2026-05-23 11:50:00+00:00] [INJ/USDT:USDT] | Rate: 4.893 | Stake amount: 384.336 | Profit (stake): -4476.729 |
Profit: -8.75% | Tag: g22
2026-09-25 22:31:49,068 - NostalgiaForInfinityX8 - INFO - Grinding entry (grind_5_entry) [2026-05-23 16:30:00+00:00] [INJ/USDT:USDT] | Rate: 5.213 | Stake amount: 384.336 | Profit (stake): -5156.890 |
Profit: -9.86% | Tag: 
2026-09-25 22:31:50,918 - NostalgiaForInfinityX8 - INFO - Grinding exit (grind_4_exit) [2026-05-23 20:40:00+00:00] [DOGE/USDT:USDT] | Rate: 0.10408 | Stake amount: 506.488 | Coin amount: 14599.0 | 
Profit (stake): -1621.765 | Profit: -5.36% | Grind profit: 5.61% (79.973 USDT)
2026-09-25 22:32:06,834 - NostalgiaForInfinityX8 - INFO - Grinding entry (grind_4_entry) [2026-05-25 12:00:00+00:00] [INJ/USDT:USDT] | Rate: 5.503 | Stake amount: 461.203 | Profit (stake): -5839.904 |
Profit: -10.92% | Tag: 
2026-09-25 22:32:12,435 - NostalgiaForInfinityX8 - INFO - Grinding entry (grind_1_entry) [2026-05-26 02:15:00+00:00] [DOT/USDT:USDT] | Rate: 1.238 | Stake amount: 1779.338 | Profit (stake): 86.920 | 
Profit: 0.33% | Tag: g24
2026-09-25 22:32:16,735 - NostalgiaForInfinityX8 - INFO - Grinding entry (grind_5_entry) [2026-05-26 12:50:00+00:00] [INJ/USDT:USDT] | Rate: 5.84 | Stake amount: 461.203 | Profit (stake): -6720.676 | 
Profit: -12.25% | Tag: 
2026-09-25 22:32:17,134 - NostalgiaForInfinityX8 - INFO - Grinding de-risk (grind_2_derisk) [2026-05-26 13:50:00+00:00] [INJ/USDT:USDT] | Rate: 6.006 | Stake amount: 944.744 | Coin amount: 471.9 | 
Profit (stake): -7190.879 | Profit: -12.79% | Grind profit: -12.79% (-527.111 USDT)
2026-09-25 22:32:17,173 - NostalgiaForInfinityX8 - INFO - Grinding de-risk (grind_3_derisk) [2026-05-26 13:55:00+00:00] [INJ/USDT:USDT] | Rate: 6.0 | Stake amount: 940.000 | Coin amount: 470.0 | 
Profit (stake): -7176.767 | Profit: -12.76% | Grind profit: -12.76% (-512.770 USDT)
2026-09-25 22:32:17,345 - NostalgiaForInfinityX8 - INFO - Grinding de-risk (grind_1_derisk) [2026-05-26 14:20:00+00:00] [INJ/USDT:USDT] | Rate: 6.081 | Stake amount: 1886.123 | Coin amount: 930.5 | 
Profit (stake): -7329.196 | Profit: -13.03% | Grind profit: -22.70% (-1043.983 USDT)
2026-09-25 22:32:30,702 - NostalgiaForInfinityX8 - INFO - Grinding entry (grind_1_entry) [2026-05-27 23:25:00+00:00] [XRP/USDT:USDT] | Rate: 1.3051 | Stake amount: 1918.713 | Profit (stake): 23.582 | 
Profit: 0.08% | Tag: g0
2026-09-25 22:32:31,487 - NostalgiaForInfinityX8 - INFO - Grinding entry (grind_1_entry) [2026-05-28 01:25:00+00:00] [AAVE/USDT:USDT] | Rate: 82.7 | Stake amount: 1918.216 | Profit (stake): 176.277 | 
Profit: 0.61% | Tag: g0
2026-09-25 22:32:32,669 - NostalgiaForInfinityX8 - INFO - Grinding exit (grind_1_exit) [2026-05-28 04:15:00+00:00] [AAVE/USDT:USDT] | Rate: 80.47 | Stake amount: 1864.222 | Coin amount: 69.5 | Profit 
(stake): 1096.442 | Profit: 3.18% | Grind profit: 2.70% (157.781 USDT)
2026-09-25 22:32:32,737 - NostalgiaForInfinityX8 - INFO - De-risk Level 1 [2026-05-28 04:25:00+00:00] [DOGE/USDT:USDT] | Rate: 0.09742 | Stake amount: 1691.588 | Profit (stake): -3370.241 | Profit: 
-11.15%
2026-09-25 22:32:32,744 - NostalgiaForInfinityX8 - INFO - Grinding exit (grind_1_exit) [2026-05-28 04:25:00+00:00] [XRP/USDT:USDT] | Rate: 1.2706 | Stake amount: 1867.951 | Coin amount: 4410.4 | 
Profit (stake): 929.902 | Profit: 2.69% | Grind profit: 2.64% (154.961 USDT)
2026-09-25 22:32:33,525 - NostalgiaForInfinityX8 - INFO - Grinding entry (grind_1_entry) [2026-05-28 06:10:00+00:00] [ETH/USDT:USDT] | Rate: 1977.08 | Stake amount: 1726.382 | Profit (stake): 568.087 
| Profit: 2.19% | Tag: g0
2026-09-25 22:32:35,139 - NostalgiaForInfinityX8 - INFO - Grinding entry (grind_1_entry) [2026-05-28 10:45:00+00:00] [INJ/USDT:USDT] | Rate: 5.35 | Stake amount: 1537.343 | Profit (stake): -6641.142 |
Profit: -11.81% | Tag: g0
2026-09-25 22:32:36,551 - NostalgiaForInfinityX8 - INFO - Grinding entry (grind_1_entry) [2026-05-28 14:05:00+00:00] [BTC/USDT:USDT] | Rate: 72863.5 | Stake amount: 1731.584 | Profit (stake): 9.708 | 
Profit: 0.04% | Tag: g0
2026-09-25 22:32:36,652 - NostalgiaForInfinityX8 - INFO - Grinding entry (grind_1_entry) [2026-05-28 14:20:00+00:00] [DOGE/USDT:USDT] | Rate: 0.09857 | Stake amount: 1918.360 | Profit (stake): 
-3129.206 | Profit: -10.35% | Tag: g0
2026-09-25 22:32:44,020 - NostalgiaForInfinityX8 - INFO - Grinding entry (grind_4_entry) [2026-05-29 08:00:00+00:00] [INJ/USDT:USDT] | Rate: 6.277 | Stake amount: 538.070 | Profit (stake): -8337.136 |
Profit: -13.70% | Tag: 
2026-09-25 22:32:46,950 - NostalgiaForInfinityX8 - INFO - Grinding entry (grind_1_entry) [2026-05-29 14:55:00+00:00] [INJ/USDT:USDT] | Rate: 6.313 | Stake amount: 1537.343 | Profit (stake): -8416.727 
| Profit: -13.48% | Tag: g3
2026-09-25 22:32:51,618 - NostalgiaForInfinityX8 - INFO - Grinding exit (grind_1_exit) [2026-05-30 02:05:00+00:00] [DOGE/USDT:USDT] | Rate: 0.10129 | Stake amount: 1971.272 | Coin amount: 58385.0 | 
Profit (stake): -2419.019 | Profit: -6.72% | Grind profit: 2.76% (155.850 USDT)
2026-09-25 22:32:52,745 - NostalgiaForInfinityX8 - INFO - Grinding de-risk (grind_5_derisk) [2026-05-30 04:50:00+00:00] [INJ/USDT:USDT] | Rate: 6.796 | Stake amount: 1037.523 | Coin amount: 458.0 | 
Profit (stake): -9791.792 | Profit: -14.60% | Grind profit: -22.73% (-574.921 USDT)
2026-09-25 22:32:52,787 - NostalgiaForInfinityX8 - INFO - Grinding entry (grind_2_entry) [2026-05-30 04:55:00+00:00] [INJ/USDT:USDT] | Rate: 6.776 | Stake amount: 768.672 | Profit (stake): -9744.928 |
Profit: -14.53% | Tag: g1
2026-09-25 22:32:52,900 - NostalgiaForInfinityX8 - INFO - Grinding entry (grind_1_entry) [2026-05-30 05:10:00+00:00] [INJ/USDT:USDT] | Rate: 6.824 | Stake amount: 1537.343 | Profit (stake): -9876.049 
| Profit: -14.24% | Tag: g1
2026-09-25 22:32:52,941 - NostalgiaForInfinityX8 - INFO - Grinding de-risk (grind_4_derisk) [2026-05-30 05:15:00+00:00] [INJ/USDT:USDT] | Rate: 6.877 | Stake amount: 1705.725 | Coin amount: 744.1 | 
Profit (stake): -10058.729 | Profit: -13.60% | Grind profit: -23.30% (-964.555 USDT)
2026-09-25 22:32:54,294 - NostalgiaForInfinityX8 - INFO - Grinding exit (grind_2_exit) [2026-05-30 08:20:00+00:00] [INJ/USDT:USDT] | Rate: 6.52 | Stake amount: 739.585 | Coin amount: 340.3 | Profit 
(stake): -9132.628 | Profit: -12.34% | Grind profit: 3.78% (88.226 USDT)
2026-09-25 22:33:18,368 - NostalgiaForInfinityX8 - INFO - Grinding exit (grind_1_exit) [2026-06-01 16:10:00+00:00] [BTC/USDT:USDT] | Rate: 70866.2 | Stake amount: 1677.167 | Coin amount: 0.071 | 
Profit (stake): 883.673 | Profit: 2.84% | Grind profit: 2.74% (144.324 USDT)
2026-09-25 22:33:18,587 - NostalgiaForInfinityX8 - INFO - Grinding entry (grind_1_entry) [2026-06-01 16:40:00+00:00] [AAVE/USDT:USDT] | Rate: 78.97 | Stake amount: 1770.641 | Profit (stake): 15.440 | 
Profit: 0.06% | Tag: g0
2026-09-25 22:33:19,899 - NostalgiaForInfinityX8 - INFO - Grinding entry (grind_4_entry) [2026-06-01 19:30:00+00:00] [INJ/USDT:USDT] | Rate: 7.233 | Stake amount: 384.336 | Profit (stake): -10769.617 
| Profit: -14.56% | Tag: 
2026-09-25 22:33:20,563 - NostalgiaForInfinityX8 - INFO - Grinding exit (grind_4_exit) [2026-06-01 21:10:00+00:00] [INJ/USDT:USDT] | Rate: 6.848 | Stake amount: 363.857 | Coin amount: 159.4 | Profit 
(stake): -9833.519 | Profit: -13.09% | Grind profit: 5.32% (61.915 USDT)
2026-09-25 22:33:22,709 - NostalgiaForInfinityX8 - INFO - Grinding entry (grind_4_entry) [2026-06-02 02:05:00+00:00] [RUNE/USDT:USDT] | Rate: 0.4005 | Stake amount: 430.965 | Profit (stake): -2572.859
| Profit: -9.95% | Tag: 
2026-09-25 22:33:25,730 - NostalgiaForInfinityX8 - INFO - Grinding entry (grind_1_entry) [2026-06-02 09:30:00+00:00] [DOGE/USDT:USDT] | Rate: 0.09862 | Stake amount: 1658.488 | Profit (stake): -9.466 
| Profit: -0.04% | Tag: g0
2026-09-25 22:33:26,892 - NostalgiaForInfinityX8 - INFO - Grinding entry (grind_1_entry) [2026-06-02 12:10:00+00:00] [SOL/USDT:USDT] | Rate: 78.88 | Stake amount: 1694.237 | Profit (stake): 337.484 | 
Profit: 1.33% | Tag: g0
2026-09-25 22:33:27,961 - NostalgiaForInfinityX8 - INFO - De-risk Level 1 [2026-06-02 14:30:00+00:00] [RUNE/USDT:USDT] | Rate: 0.3895 | Stake amount: 1513.623 | Profit (stake): -3253.033 | Profit: 
-11.98%
2026-09-25 22:33:27,969 - NostalgiaForInfinityX8 - INFO - Grinding exit (grind_1_exit) [2026-06-02 14:30:00+00:00] [DOGE/USDT:USDT] | Rate: 0.09577 | Stake amount: 1610.532 | Coin amount: 50450.0 | 
Profit (stake): 848.406 | Profit: 2.84% | Grind profit: 2.89% (146.198 USDT)
2026-09-25 22:33:28,436 - NostalgiaForInfinityX8 - INFO - Grinding exit (grind_1_exit) [2026-06-02 15:30:00+00:00] [SOL/USDT:USDT] | Rate: 76.31 | Stake amount: 1638.884 | Coin amount: 64.43 | Profit 
(stake): 1314.684 | Profit: 4.31% | Grind profit: 3.26% (168.043 USDT)
2026-09-25 22:33:31,356 - NostalgiaForInfinityX8 - INFO - Grinding entry (grind_4_entry) [2026-06-02 22:55:00+00:00] [AVAX/USDT:USDT] | Rate: 8.124 | Stake amount: 420.039 | Profit (stake): -2318.196 
| Profit: -9.19% | Tag: 
2026-09-25 22:33:42,962 - NostalgiaForInfinityX8 - INFO - De-risk Level 1 [2026-06-04 01:20:00+00:00] [AVAX/USDT:USDT] | Rate: 7.89 | Stake amount: 1483.320 | Profit (stake): -3015.029 | Profit: 
-11.39%
2026-09-25 22:33:43,306 - NostalgiaForInfinityX8 - INFO - De-risk Level 2 [2026-06-04 02:05:00+00:00] [RUNE/USDT:USDT] | Rate: 0.3613 | Stake amount: 2106.054 | Profit (stake): -4666.444 | Profit: 
-17.18%
2026-09-25 22:33:43,325 - NostalgiaForInfinityX8 - INFO - Grinding entry (grind_1_entry) [2026-06-04 02:05:00+00:00] [CRV/USDT:USDT] | Rate: 0.1878 | Stake amount: 1852.864 | Profit (stake): 1569.305 
| Profit: 5.65% | Tag: g0
2026-09-25 22:33:43,371 - NostalgiaForInfinityX8 - INFO - Grinding entry (grind_1_entry) [2026-06-04 02:10:00+00:00] [DOT/USDT:USDT] | Rate: 1.03 | Stake amount: 1852.859 | Profit (stake): 965.963 | 
Profit: 3.48% | Tag: g23
2026-09-25 22:33:45,801 - NostalgiaForInfinityX8 - INFO - Grinding entry (grind_5_entry) [2026-06-04 08:10:00+00:00] [RUNE/USDT:USDT] | Rate: 0.3632 | Stake amount: 430.965 | Profit (stake): -4605.322
| Profit: -16.95% | Tag: 
2026-09-25 22:33:46,821 - NostalgiaForInfinityX8 - INFO - Grinding entry (grind_5_entry) [2026-06-04 10:15:00+00:00] [AVAX/USDT:USDT] | Rate: 7.634 | Stake amount: 420.039 | Profit (stake): -3632.486 
| Profit: -13.72% | Tag: 
2026-09-25 22:33:47,424 - NostalgiaForInfinityX8 - INFO - Grinding exit (grind_1_exit) [2026-06-04 11:35:00+00:00] [INJ/USDT:USDT] | Rate: 5.879 | Stake amount: 4445.112 | Coin amount: 2268.3 | Profit
(stake): -7632.412 | Profit: -10.16% | Grind profit: 3.61% (506.338 USDT)
2026-09-25 22:33:50,240 - NostalgiaForInfinityX8 - INFO - Grinding entry (grind_1_entry) [2026-06-04 18:15:00+00:00] [INJ/USDT:USDT] | Rate: 5.529 | Stake amount: 1537.343 | Profit (stake): -7630.449 
| Profit: -10.16% | Tag: g23
2026-09-25 22:33:51,034 - NostalgiaForInfinityX8 - INFO - Grinding entry (grind_2_entry) [2026-06-04 20:05:00+00:00] [INJ/USDT:USDT] | Rate: 5.489 | Stake amount: 768.672 | Profit (stake): -7601.456 |
Profit: -9.53% | Tag: g0
2026-09-25 22:33:51,693 - NostalgiaForInfinityX8 - INFO - Grinding exit (grind_1_exit) [2026-06-04 21:35:00+00:00] [INJ/USDT:USDT] | Rate: 5.381 | Stake amount: 1496.097 | Coin amount: 834.1 | Profit 
(stake): -7467.636 | Profit: -9.10% | Grind profit: 2.68% (125.691 USDT)
2026-09-25 22:33:51,905 - NostalgiaForInfinityX8 - INFO - Grinding exit (grind_2_exit) [2026-06-04 22:00:00+00:00] [INJ/USDT:USDT] | Rate: 5.274 | Stake amount: 738.536 | Coin amount: 420.1 | Profit 
(stake): -7422.063 | Profit: -9.05% | Grind profit: 3.92% (91.429 USDT)
2026-09-25 22:33:52,613 - NostalgiaForInfinityX8 - INFO - Grinding entry (grind_1_entry) [2026-06-04 23:30:00+00:00] [XRP/USDT:USDT] | Rate: 1.1621 | Stake amount: 1955.873 | Profit (stake): 36.187 | 
Profit: 0.12% | Tag: g24
2026-09-25 22:33:55,513 - NostalgiaForInfinityX8 - INFO - De-risk Level 3 [2026-06-05 05:50:00+00:00] [RUNE/USDT:USDT] | Rate: 0.3474 | Stake amount: 3375.049 | Profit (stake): -5175.827 | Profit: 
-18.19%
2026-09-25 22:33:55,521 - NostalgiaForInfinityX8 - INFO - De-risk Level 2 [2026-06-05 05:50:00+00:00] [AVAX/USDT:USDT] | Rate: 7.277 | Stake amount: 2052.114 | Profit (stake): -4549.001 | Profit: 
-16.40%
2026-09-25 22:33:55,938 - NostalgiaForInfinityX8 - INFO - Grinding entry (grind_4_entry) [2026-06-05 06:45:00+00:00] [RUNE/USDT:USDT] | Rate: 0.3338 | Stake amount: 517.158 | Profit (stake): -5268.098
| Profit: -18.51% | Tag: 
2026-09-25 22:33:58,096 - NostalgiaForInfinityX8 - INFO - Grinding entry (grind_5_entry) [2026-06-05 11:55:00+00:00] [AVAX/USDT:USDT] | Rate: 7.066 | Stake amount: 504.047 | Profit (stake): -4914.565 
| Profit: -17.72% | Tag: 
2026-09-25 22:33:59,066 - NostalgiaForInfinityX8 - INFO - De-risk Level 3 [2026-06-05 14:00:00+00:00] [AVAX/USDT:USDT] | Rate: 6.969 | Stake amount: 3275.430 | Profit (stake): -5104.551 | Profit: 
-17.45%
2026-09-25 22:33:59,137 - NostalgiaForInfinityX8 - INFO - Grinding entry (grind_1_entry) [2026-06-05 14:10:00+00:00] [INJ/USDT:USDT] | Rate: 5.282 | Stake amount: 1537.343 | Profit (stake): -7422.109 
| Profit: -9.05% | Tag: g3
2026-09-25 22:33:59,228 - NostalgiaForInfinityX8 - INFO - Grinding entry (grind_2_entry) [2026-06-05 14:20:00+00:00] [INJ/USDT:USDT] | Rate: 5.291 | Stake amount: 768.672 | Profit (stake): -7434.633 |
Profit: -8.58% | Tag: g3
2026-09-25 22:33:59,506 - NostalgiaForInfinityX8 - INFO - Grinding exit (grind_1_exit) [2026-06-05 14:55:00+00:00] [INJ/USDT:USDT] | Rate: 5.071 | Stake amount: 1475.830 | Coin amount: 873.1 | Profit 
(stake): -7147.604 | Profit: -8.03% | Grind profit: 3.99% (186.438 USDT)
2026-09-25 22:33:59,553 - NostalgiaForInfinityX8 - INFO - Grinding exit (grind_2_exit) [2026-06-05 15:00:00+00:00] [INJ/USDT:USDT] | Rate: 5.097 | Stake amount: 740.424 | Coin amount: 435.8 | Profit 
(stake): -7159.086 | Profit: -8.05% | Grind profit: 3.67% (85.656 USDT)
2026-09-25 22:34:00,107 - NostalgiaForInfinityX8 - INFO - Grinding entry (grind_1_entry) [2026-06-05 16:05:00+00:00] [ETH/USDT:USDT] | Rate: 1574.78 | Stake amount: 1990.016 | Profit (stake): 1529.722
| Profit: 5.13% | Tag: g0
2026-09-25 22:34:01,697 - NostalgiaForInfinityX8 - INFO - Grinding entry (grind_5_entry) [2026-06-05 19:35:00+00:00] [RUNE/USDT:USDT] | Rate: 0.3134 | Stake amount: 517.158 | Profit (stake): -5503.297
| Profit: -18.34% | Tag: 
2026-09-25 22:34:05,011 - NostalgiaForInfinityX8 - INFO - Grinding entry (grind_1_entry) [2026-06-06 02:55:00+00:00] [INJ/USDT:USDT] | Rate: 5.114 | Stake amount: 1537.343 | Profit (stake): -7159.187 
| Profit: -8.05% | Tag: g0
2026-09-25 22:34:05,620 - NostalgiaForInfinityX8 - INFO - Grinding exit (grind_1_exit) [2026-06-06 04:10:00+00:00] [INJ/USDT:USDT] | Rate: 4.978 | Stake amount: 1496.387 | Coin amount: 901.8 | Profit 
(stake): -7040.331 | Profit: -7.52% | Grind profit: 2.66% (124.889 USDT)
2026-09-25 22:34:05,714 - NostalgiaForInfinityX8 - INFO - Grinding de-risk (grind_4_derisk) [2026-06-06 04:20:00+00:00] [AVAX/USDT:USDT] | Rate: 6.319 | Stake amount: 326.482 | Coin amount: 155.000 | 
Profit (stake): -5451.275 | Profit: -18.64% | Grind profit: -18.64% (-280.265 USDT)
2026-09-25 22:34:06,022 - NostalgiaForInfinityX8 - INFO - Grinding entry (grind_4_entry) [2026-06-06 05:00:00+00:00] [AVAX/USDT:USDT] | Rate: 6.301 | Stake amount: 420.039 | Profit (stake): -5458.111 
| Profit: -18.66% | Tag: 
2026-09-25 22:34:06,550 - NostalgiaForInfinityX8 - INFO - Grinding exit (grind_4_exit) [2026-06-06 06:05:00+00:00] [AVAX/USDT:USDT] | Rate: 6.623 | Stake amount: 439.326 | Coin amount: 199.0 | Profit 
(stake): -5273.021 | Profit: -17.29% | Grind profit: 5.11% (63.419 USDT)
2026-09-25 22:34:13,377 - NostalgiaForInfinityX8 - INFO - Grinding entry (grind_1_entry) [2026-06-06 20:05:00+00:00] [INJ/USDT:USDT] | Rate: 5.012 | Stake amount: 1537.343 | Profit (stake): -7040.534 
| Profit: -7.52% | Tag: g0
2026-09-25 22:34:15,959 - NostalgiaForInfinityX8 - INFO - Grinding entry (grind_4_entry) [2026-06-07 01:10:00+00:00] [INJ/USDT:USDT] | Rate: 5.249 | Stake amount: 384.336 | Profit (stake): -7264.809 |
Profit: -7.40% | Tag: 
2026-09-25 22:34:28,765 - NostalgiaForInfinityX8 - INFO - Grinding entry (grind_5_entry) [2026-06-08 02:40:00+00:00] [INJ/USDT:USDT] | Rate: 5.579 | Stake amount: 384.336 | Profit (stake): -7645.395 |
Profit: -7.70% | Tag: 
2026-09-25 22:34:41,751 - NostalgiaForInfinityX8 - INFO - Grinding exit (grind_5_exit) [2026-06-09 04:40:00+00:00] [RUNE/USDT:USDT] | Rate: 0.3556 | Stake amount: 1008.600 | Coin amount: 8509.0 | 
Profit (stake): -4814.896 | Profit: -15.26% | Grind profit: 6.39% (180.329 USDT)
2026-09-25 22:34:45,347 - NostalgiaForInfinityX8 - INFO - Grinding exit (grind_4_exit) [2026-06-09 11:40:00+00:00] [RUNE/USDT:USDT] | Rate: 0.3808 | Stake amount: 990.685 | Coin amount: 7875.0 | 
Profit (stake): -4616.811 | Profit: -14.63% | Grind profit: 5.44% (153.318 USDT)
2026-09-25 22:34:55,620 - NostalgiaForInfinityX8 - INFO - Grinding exit (grind_5_exit) [2026-06-10 08:05:00+00:00] [INJ/USDT:USDT] | Rate: 5.234 | Stake amount: 360.448 | Coin amount: 206.6 | Profit 
(stake): -7183.361 | Profit: -7.15% | Grind profit: 6.18% (71.818 USDT)
2026-09-25 22:34:55,668 - NostalgiaForInfinityX8 - INFO - Grinding entry (grind_2_entry) [2026-06-10 08:10:00+00:00] [INJ/USDT:USDT] | Rate: 5.235 | Stake amount: 768.672 | Profit (stake): -7184.507 |
Profit: -7.15% | Tag: g0
2026-09-25 22:34:55,880 - NostalgiaForInfinityX8 - INFO - Grinding entry (grind_3_entry) [2026-06-10 08:35:00+00:00] [INJ/USDT:USDT] | Rate: 5.205 | Stake amount: 768.672 | Profit (stake): -7139.218 |
Profit: -6.95% | Tag: g0
2026-09-25 22:34:57,114 - NostalgiaForInfinityX8 - INFO - Grinding entry (grind_5_entry) [2026-06-10 10:55:00+00:00] [INJ/USDT:USDT] | Rate: 5.102 | Stake amount: 384.336 | Profit (stake): -6932.463 |
Profit: -6.60% | Tag: g0
2026-09-25 22:34:59,732 - NostalgiaForInfinityX8 - INFO - Grinding entry (grind_1_entry) [2026-06-10 16:00:00+00:00] [RUNE/USDT:USDT] | Rate: 0.3882 | Stake amount: 1723.859 | Profit (stake): 
-4616.289 | Profit: -14.63% | Tag: g27
2026-09-25 22:34:59,819 - NostalgiaForInfinityX8 - INFO - Grinding entry (grind_2_entry) [2026-06-10 16:10:00+00:00] [RUNE/USDT:USDT] | Rate: 0.3916 | Stake amount: 861.930 | Profit (stake): -4575.947
| Profit: -12.46% | Tag: g27
2026-09-25 22:35:00,022 - NostalgiaForInfinityX8 - INFO - Grinding entry (grind_3_entry) [2026-06-10 16:35:00+00:00] [RUNE/USDT:USDT] | Rate: 0.3893 | Stake amount: 861.930 | Profit (stake): -4625.020
| Profit: -11.76% | Tag: g27
2026-09-25 22:35:00,184 - NostalgiaForInfinityX8 - INFO - Grinding entry (grind_4_entry) [2026-06-10 16:55:00+00:00] [RUNE/USDT:USDT] | Rate: 0.3852 | Stake amount: 430.965 | Profit (stake): -4736.767
| Profit: -11.30% | Tag: g27
2026-09-25 22:35:01,291 - NostalgiaForInfinityX8 - INFO - Grinding entry (grind_5_entry) [2026-06-10 19:00:00+00:00] [RUNE/USDT:USDT] | Rate: 0.3854 | Stake amount: 430.965 | Profit (stake): -4732.064
| Profit: -10.95% | Tag: g27
2026-09-25 22:35:01,869 - NostalgiaForInfinityX8 - INFO - Grinding exit (grind_2_exit) [2026-06-10 20:10:00+00:00] [INJ/USDT:USDT] | Rate: 5.039 | Stake amount: 739.725 | Coin amount: 440.4 | Profit 
(stake): -6793.421 | Profit: -6.39% | Grind profit: 3.74% (87.428 USDT)
2026-09-25 22:35:02,370 - NostalgiaForInfinityX8 - INFO - Grinding exit (grind_3_exit) [2026-06-10 21:10:00+00:00] [INJ/USDT:USDT] | Rate: 4.973 | Stake amount: 734.346 | Coin amount: 443.0 | Profit 
(stake): -6673.624 | Profit: -6.28% | Grind profit: 4.46% (103.878 USDT)
2026-09-25 22:35:02,417 - NostalgiaForInfinityX8 - INFO - Grinding exit (grind_4_exit) [2026-06-10 21:15:00+00:00] [INJ/USDT:USDT] | Rate: 4.969 | Stake amount: 363.731 | Coin amount: 219.6 | Profit 
(stake): -6668.136 | Profit: -6.28% | Grind profit: 5.33% (62.034 USDT)
2026-09-25 22:35:05,151 - NostalgiaForInfinityX8 - INFO - Grinding entry (grind_2_entry) [2026-06-11 03:00:00+00:00] [INJ/USDT:USDT] | Rate: 4.973 | Stake amount: 768.672 | Profit (stake): -6672.761 |
Profit: -6.28% | Tag: g0
2026-09-25 22:35:05,310 - NostalgiaForInfinityX8 - INFO - Grinding entry (grind_3_entry) [2026-06-11 03:15:00+00:00] [INJ/USDT:USDT] | Rate: 4.973 | Stake amount: 768.672 | Profit (stake): -6675.067 |
Profit: -6.15% | Tag: g0
2026-09-25 22:35:05,703 - NostalgiaForInfinityX8 - INFO - Grinding entry (grind_1_entry) [2026-06-11 04:00:00+00:00] [AVAX/USDT:USDT] | Rate: 6.592 | Stake amount: 1680.156 | Profit (stake): -5283.730
| Profit: -17.32% | Tag: g0
2026-09-25 22:35:05,817 - NostalgiaForInfinityX8 - INFO - Grinding entry (grind_4_entry) [2026-06-11 04:15:00+00:00] [INJ/USDT:USDT] | Rate: 5.208 | Stake amount: 384.336 | Profit (stake): -7166.206 |
Profit: -6.46% | Tag: 
2026-09-25 22:35:07,032 - NostalgiaForInfinityX8 - INFO - Grinding exit (grind_1_exit) [2026-06-11 06:25:00+00:00] [RUNE/USDT:USDT] | Rate: 0.4009 | Stake amount: 1780.130 | Coin amount: 13321.0 | 
Profit (stake): -4217.277 | Profit: -9.48% | Grind profit: 3.27% (166.507 USDT)
2026-09-25 22:35:09,367 - NostalgiaForInfinityX8 - INFO - Grinding exit (grind_3_exit) [2026-06-11 10:45:00+00:00] [RUNE/USDT:USDT] | Rate: 0.4055 | Stake amount: 897.777 | Coin amount: 6642.0 | 
Profit (stake): -4125.623 | Profit: -9.27% | Grind profit: 4.16% (106.254 USDT)
2026-09-25 22:35:09,414 - NostalgiaForInfinityX8 - INFO - Grinding exit (grind_2_exit) [2026-06-11 10:50:00+00:00] [RUNE/USDT:USDT] | Rate: 0.4077 | Stake amount: 897.348 | Coin amount: 6603.0 | 
Profit (stake): -4096.190 | Profit: -9.21% | Grind profit: 4.11% (104.962 USDT)
2026-09-25 22:35:09,459 - NostalgiaForInfinityX8 - INFO - Grinding exit (grind_4_exit) [2026-06-11 10:55:00+00:00] [RUNE/USDT:USDT] | Rate: 0.4088 | Stake amount: 457.311 | Coin amount: 3356.0 | 
Profit (stake): -4088.734 | Profit: -9.19% | Grind profit: 6.13% (78.516 USDT)
2026-09-25 22:35:09,546 - NostalgiaForInfinityX8 - INFO - Grinding exit (grind_5_exit) [2026-06-11 11:00:00+00:00] [RUNE/USDT:USDT] | Rate: 0.4114 | Stake amount: 459.945 | Coin amount: 3354.0 | 
Profit (stake): -4079.831 | Profit: -9.17% | Grind profit: 6.75% (86.514 USDT)
2026-09-25 22:35:12,300 - NostalgiaForInfinityX8 - INFO - Grinding entry (grind_1_entry) [2026-06-11 16:00:00+00:00] [RUNE/USDT:USDT] | Rate: 0.4062 | Stake amount: 1723.859 | Profit (stake): 
-4080.208 | Profit: -9.17% | Tag: g27
2026-09-25 22:35:12,394 - NostalgiaForInfinityX8 - INFO - Grinding entry (grind_2_entry) [2026-06-11 16:10:00+00:00] [RUNE/USDT:USDT] | Rate: 0.4044 | Stake amount: 861.930 | Profit (stake): -4108.413
| Profit: -8.27% | Tag: g27
2026-09-25 22:35:13,431 - NostalgiaForInfinityX8 - INFO - Grinding entry (grind_3_entry) [2026-06-11 18:00:00+00:00] [RUNE/USDT:USDT] | Rate: 0.4042 | Stake amount: 861.930 | Profit (stake): -4115.358
| Profit: -7.88% | Tag: g27
2026-09-25 22:35:18,524 - NostalgiaForInfinityX8 - INFO - Grinding entry (grind_5_entry) [2026-06-12 03:00:00+00:00] [INJ/USDT:USDT] | Rate: 5.552 | Stake amount: 461.203 | Profit (stake): -7956.590 |
Profit: -7.10% | Tag: 
2026-09-25 22:35:25,049 - NostalgiaForInfinityX8 - INFO - Grinding entry (grind_4_entry) [2026-06-12 14:55:00+00:00] [RUNE/USDT:USDT] | Rate: 0.4034 | Stake amount: 430.965 | Profit (stake): -4140.434
| Profit: -7.55% | Tag: g0
2026-09-25 22:35:25,230 - NostalgiaForInfinityX8 - INFO - De-risk Level 1 [2026-06-12 15:10:00+00:00] [SOL/USDT:USDT] | Rate: 68.46 | Stake amount: 2275.063 | Profit (stake): -3738.824 | Profit: 
-12.27%
2026-09-25 22:35:26,526 - NostalgiaForInfinityX8 - INFO - Grinding entry (grind_5_entry) [2026-06-12 17:30:00+00:00] [RUNE/USDT:USDT] | Rate: 0.41 | Stake amount: 430.965 | Profit (stake): -3952.283 |
Profit: -7.04% | Tag: g23
2026-09-25 22:35:28,644 - NostalgiaForInfinityX8 - INFO - Grinding entry (grind_5_entry) [2026-06-12 21:15:00+00:00] [SOL/USDT:USDT] | Rate: 66.78 | Stake amount: 508.117 | Profit (stake): -3069.290 |
Profit: -10.07% | Tag: 
2026-09-25 22:35:44,308 - NostalgiaForInfinityX8 - INFO - Grinding entry (grind_5_entry) [2026-06-14 01:30:00+00:00] [RUNE/USDT:USDT] | Rate: 0.3809 | Stake amount: 517.158 | Profit (stake): -4887.022
| Profit: -8.51% | Tag: 
2026-09-25 22:35:51,609 - NostalgiaForInfinityX8 - INFO - Grinding exit (grind_5_exit) [2026-06-14 14:40:00+00:00] [INJ/USDT:USDT] | Rate: 4.993 | Stake amount: 790.725 | Coin amount: 475.1 | Profit 
(stake): -6540.604 | Profit: -5.77% | Grind profit: 6.46% (165.112 USDT)
2026-09-25 22:35:51,905 - NostalgiaForInfinityX8 - INFO - Grinding entry (grind_5_entry) [2026-06-14 15:15:00+00:00] [INJ/USDT:USDT] | Rate: 5.022 | Stake amount: 384.336 | Profit (stake): -6600.795 |
Profit: -5.82% | Tag: g0
2026-09-25 22:35:56,581 - NostalgiaForInfinityX8 - INFO - Grinding exit (grind_1_exit) [2026-06-14 23:50:00+00:00] [AVAX/USDT:USDT] | Rate: 6.78 | Stake amount: 1726.640 | Coin amount: 764.0 | Profit 
(stake): -5070.219 | Profit: -14.27% | Grind profit: 2.85% (141.042 USDT)
2026-09-25 22:35:56,823 - NostalgiaForInfinityX8 - INFO - De-risk Level 1 [2026-06-15 00:15:00+00:00] [DOT/USDT:USDT] | Rate: 1.0 | Stake amount: 2285.460 | Profit (stake): -3622.157 | Profit: -11.80%
2026-09-25 22:36:00,268 - NostalgiaForInfinityX8 - INFO - Grinding entry (grind_5_entry) [2026-06-15 06:20:00+00:00] [DOT/USDT:USDT] | Rate: 1.003 | Stake amount: 511.943 | Profit (stake): -3704.475 |
Profit: -12.07% | Tag: 
2026-09-25 22:36:02,853 - NostalgiaForInfinityX8 - INFO - Grinding entry (grind_5_entry) [2026-06-15 10:50:00+00:00] [SOL/USDT:USDT] | Rate: 71.46 | Stake amount: 609.741 | Profit (stake): -5058.760 |
Profit: -15.81% | Tag: 
2026-09-25 22:36:03,185 - NostalgiaForInfinityX8 - INFO - De-risk Level 2 [2026-06-15 11:25:00+00:00] [SOL/USDT:USDT] | Rate: 72.53 | Stake amount: 3615.475 | Profit (stake): -5539.332 | Profit: 
-16.38%
2026-09-25 22:36:03,342 - NostalgiaForInfinityX8 - INFO - Grinding entry (grind_5_entry) [2026-06-15 11:45:00+00:00] [INJ/USDT:USDT] | Rate: 5.449 | Stake amount: 461.203 | Profit (stake): -7591.143 |
Profit: -6.63% | Tag: 
2026-09-25 22:36:04,181 - NostalgiaForInfinityX8 - INFO - Grinding entry (grind_1_entry) [2026-06-15 13:15:00+00:00] [AVAX/USDT:USDT] | Rate: 6.955 | Stake amount: 1680.156 | Profit (stake): -5003.690
| Profit: -14.08% | Tag: g0
2026-09-25 22:36:04,282 - NostalgiaForInfinityX8 - INFO - De-risk Level 1 [2026-06-15 13:25:00+00:00] [BTC/USDT:USDT] | Rate: 66869.5 | Stake amount: 2286.937 | Profit (stake): -3623.895 | Profit: 
-11.81%
2026-09-25 22:36:04,292 - NostalgiaForInfinityX8 - INFO - Grinding entry (grind_1_entry) [2026-06-15 13:30:00+00:00] [INJ/USDT:USDT] | Rate: 5.472 | Stake amount: 1537.343 | Profit (stake): -7651.387 
| Profit: -6.60% | Tag: g14
2026-09-25 22:36:05,569 - NostalgiaForInfinityX8 - INFO - De-risk Level 3 [2026-06-15 15:45:00+00:00] [SOL/USDT:USDT] | Rate: 74.65 | Stake amount: 6201.922 | Profit (stake): -6170.686 | Profit: 
-18.24%
2026-09-25 22:36:05,611 - NostalgiaForInfinityX8 - INFO - Grinding entry (grind_2_entry) [2026-06-15 15:50:00+00:00] [AVAX/USDT:USDT] | Rate: 7.007 | Stake amount: 840.078 | Profit (stake): -4951.294 
| Profit: -12.20% | Tag: g0
2026-09-25 22:36:06,114 - NostalgiaForInfinityX8 - INFO - Grinding entry (grind_4_entry) [2026-06-15 16:45:00+00:00] [INJ/USDT:USDT] | Rate: 5.737 | Stake amount: 461.203 | Profit (stake): -8559.033 |
Profit: -7.10% | Tag: 
2026-09-25 22:36:07,981 - NostalgiaForInfinityX8 - INFO - Grinding entry (grind_5_entry) [2026-06-15 20:05:00+00:00] [BTC/USDT:USDT] | Rate: 66539.5 | Stake amount: 511.797 | Profit (stake): -3489.877
| Profit: -11.37% | Tag: 
2026-09-25 22:36:13,303 - NostalgiaForInfinityX8 - INFO - Grinding exit (grind_1_exit) [2026-06-16 05:45:00+00:00] [RUNE/USDT:USDT] | Rate: 0.417 | Stake amount: 1769.609 | Coin amount: 12731.0 | 
Profit (stake): -3597.156 | Profit: -6.10% | Grind profit: 2.66% (134.840 USDT)
2026-09-25 22:36:13,351 - NostalgiaForInfinityX8 - INFO - Grinding exit (grind_5_exit) [2026-06-16 05:50:00+00:00] [RUNE/USDT:USDT] | Rate: 0.4188 | Stake amount: 1008.750 | Coin amount: 7226.0 | 
Profit (stake): -3555.248 | Profit: -6.03% | Grind profit: 6.40% (180.600 USDT)
2026-09-25 22:36:13,496 - NostalgiaForInfinityX8 - INFO - Grinding exit (grind_2_exit) [2026-06-16 06:05:00+00:00] [RUNE/USDT:USDT] | Rate: 0.4214 | Stake amount: 898.144 | Coin amount: 6394.0 | 
Profit (stake): -3513.492 | Profit: -5.96% | Grind profit: 4.20% (107.351 USDT)
2026-09-25 22:36:13,748 - NostalgiaForInfinityX8 - INFO - Grinding exit (grind_3_exit) [2026-06-16 06:30:00+00:00] [RUNE/USDT:USDT] | Rate: 0.4217 | Stake amount: 899.205 | Coin amount: 6397.0 | 
Profit (stake): -3510.591 | Profit: -5.95% | Grind profit: 4.33% (110.599 USDT)
2026-09-25 22:36:13,846 - NostalgiaForInfinityX8 - INFO - Grinding entry (grind_3_entry) [2026-06-16 06:40:00+00:00] [AVAX/USDT:USDT] | Rate: 6.842 | Stake amount: 840.078 | Profit (stake): -5195.385 
| Profit: -12.06% | Tag: g0
2026-09-25 22:36:20,812 - NostalgiaForInfinityX8 - INFO - Grinding entry (grind_1_entry) [2026-06-16 18:30:00+00:00] [BTC/USDT:USDT] | Rate: 65885.5 | Stake amount: 2047.188 | Profit (stake): 
-3207.802 | Profit: -9.96% | Tag: g24
2026-09-25 22:36:22,122 - NostalgiaForInfinityX8 - INFO - Grinding entry (grind_4_entry) [2026-06-16 20:45:00+00:00] [AVAX/USDT:USDT] | Rate: 6.935 | Stake amount: 420.039 | Profit (stake): -5025.469 
| Profit: -11.02% | Tag: g0
2026-09-25 22:36:27,535 - NostalgiaForInfinityX8 - INFO - Grinding entry (grind_1_entry) [2026-06-17 06:30:00+00:00] [SOL/USDT:USDT] | Rate: 73.29 | Stake amount: 2032.469 | Profit (stake): -6105.051 
| Profit: -18.05% | Tag: g24
2026-09-25 22:36:27,634 - NostalgiaForInfinityX8 - INFO - Grinding entry (grind_2_entry) [2026-06-17 06:40:00+00:00] [SOL/USDT:USDT] | Rate: 73.32 | Stake amount: 1016.235 | Profit (stake): -6115.098 
| Profit: -15.32% | Tag: g24
2026-09-25 22:36:27,969 - NostalgiaForInfinityX8 - INFO - Grinding entry (grind_3_entry) [2026-06-17 07:15:00+00:00] [SOL/USDT:USDT] | Rate: 73.49 | Stake amount: 1016.235 | Profit (stake): -6147.604 
| Profit: -14.31% | Tag: g24
2026-09-25 22:36:28,064 - NostalgiaForInfinityX8 - INFO - Grinding entry (grind_4_entry) [2026-06-17 07:25:00+00:00] [SOL/USDT:USDT] | Rate: 73.2 | Stake amount: 508.117 | Profit (stake): -6088.367 | 
Profit: -13.23% | Tag: g24
2026-09-25 22:36:31,265 - NostalgiaForInfinityX8 - INFO - Grinding entry (grind_1_entry) [2026-06-17 12:45:00+00:00] [RUNE/USDT:USDT] | Rate: 0.4233 | Stake amount: 1723.859 | Profit (stake): 
-3505.892 | Profit: -5.94% | Tag: g0
2026-09-25 22:36:33,113 - NostalgiaForInfinityX8 - INFO - Grinding entry (grind_2_entry) [2026-06-17 16:00:00+00:00] [RUNE/USDT:USDT] | Rate: 0.4225 | Stake amount: 861.930 | Profit (stake): -3524.107
| Profit: -5.49% | Tag: g0
2026-09-25 22:36:33,311 - NostalgiaForInfinityX8 - INFO - Grinding exit (grind_4_exit) [2026-06-17 16:20:00+00:00] [RUNE/USDT:USDT] | Rate: 0.4262 | Stake amount: 455.182 | Coin amount: 3204.0 | 
Profit (stake): -3446.761 | Profit: -5.16% | Grind profit: 5.65% (72.368 USDT)
2026-09-25 22:36:35,309 - NostalgiaForInfinityX8 - INFO - Grinding exit (grind_1_exit) [2026-06-17 19:45:00+00:00] [BTC/USDT:USDT] | Rate: 64147.1 | Stake amount: 1988.560 | Coin amount: 0.093 | 
Profit (stake): -2299.859 | Profit: -6.00% | Grind profit: 2.64% (164.654 USDT)
2026-09-25 22:36:36,698 - NostalgiaForInfinityX8 - INFO - Grinding exit (grind_1_exit) [2026-06-17 22:05:00+00:00] [SOL/USDT:USDT] | Rate: 70.96 | Stake amount: 1967.721 | Coin amount: 83.19 | Profit 
(stake): -5563.707 | Profit: -11.70% | Grind profit: 3.18% (196.784 USDT)
2026-09-25 22:36:37,862 - NostalgiaForInfinityX8 - INFO - Grinding entry (grind_1_entry) [2026-06-18 00:00:00+00:00] [DOT/USDT:USDT] | Rate: 1.003 | Stake amount: 2047.772 | Profit (stake): -3694.526 
| Profit: -11.46% | Tag: g24
2026-09-25 22:36:38,446 - NostalgiaForInfinityX8 - INFO - Grinding entry (grind_1_entry) [2026-06-18 01:00:00+00:00] [SOL/USDT:USDT] | Rate: 72.18 | Stake amount: 2032.469 | Profit (stake): -5750.210 
| Profit: -12.10% | Tag: g24
2026-09-25 22:36:40,279 - NostalgiaForInfinityX8 - INFO - Grinding exit (grind_1_exit) [2026-06-18 04:05:00+00:00] [DOT/USDT:USDT] | Rate: 0.974 | Stake amount: 1988.551 | Coin amount: 6124.9 | Profit
(stake): -2685.084 | Profit: -7.00% | Grind profit: 2.89% (180.605 USDT)
2026-09-25 22:36:42,496 - NostalgiaForInfinityX8 - INFO - Grinding exit (grind_1_exit) [2026-06-18 07:45:00+00:00] [RUNE/USDT:USDT] | Rate: 0.4345 | Stake amount: 1769.429 | Coin amount: 12217.0 | 
Profit (stake): -3295.230 | Profit: -4.94% | Grind profit: 2.65% (134.176 USDT)
2026-09-25 22:36:44,072 - NostalgiaForInfinityX8 - INFO - Grinding exit (grind_4_exit) [2026-06-18 10:25:00+00:00] [INJ/USDT:USDT] | Rate: 5.203 | Stake amount: 801.956 | Coin amount: 462.4 | Profit 
(stake): -6618.614 | Profit: -5.43% | Grind profit: 5.12% (131.057 USDT)
2026-09-25 22:36:46,726 - NostalgiaForInfinityX8 - INFO - Grinding entry (grind_4_entry) [2026-06-18 14:45:00+00:00] [INJ/USDT:USDT] | Rate: 5.214 | Stake amount: 384.336 | Profit (stake): -6653.605 |
Profit: -5.46% | Tag: g0
2026-09-25 22:36:47,170 - NostalgiaForInfinityX8 - INFO - Grinding exit (grind_1_exit) [2026-06-18 15:25:00+00:00] [SOL/USDT:USDT] | Rate: 70.05 | Stake amount: 1972.374 | Coin amount: 84.47 | Profit 
(stake): -5252.435 | Profit: -9.79% | Grind profit: 2.95% (182.880 USDT)
2026-09-25 22:36:47,253 - NostalgiaForInfinityX8 - INFO - Grinding exit (grind_2_exit) [2026-06-18 15:30:00+00:00] [SOL/USDT:USDT] | Rate: 69.89 | Stake amount: 968.675 | Coin amount: 41.58 | Profit 
(stake): -5228.055 | Profit: -9.75% | Grind profit: 4.68% (144.072 USDT)
2026-09-25 22:36:47,308 - NostalgiaForInfinityX8 - INFO - Grinding exit (grind_3_exit) [2026-06-18 15:35:00+00:00] [SOL/USDT:USDT] | Rate: 69.85 | Stake amount: 965.793 | Coin amount: 41.48 | Profit 
(stake): -5223.623 | Profit: -9.74% | Grind profit: 4.95% (152.436 USDT)
2026-09-25 22:36:47,415 - NostalgiaForInfinityX8 - INFO - Grinding exit (grind_4_exit) [2026-06-18 15:45:00+00:00] [SOL/USDT:USDT] | Rate: 69.01 | Stake amount: 478.929 | Coin amount: 20.82 | Profit 
(stake): -5165.416 | Profit: -9.63% | Grind profit: 5.72% (87.954 USDT)
2026-09-25 22:36:47,550 - NostalgiaForInfinityX8 - INFO - Grinding exit (grind_1_exit) [2026-06-18 16:00:00+00:00] [INJ/USDT:USDT] | Rate: 5.09 | Stake amount: 2991.054 | Coin amount: 1762.9 | Profit 
(stake): -6234.563 | Profit: -5.07% | Grind profit: 2.71% (254.668 USDT)
2026-09-25 22:36:47,601 - NostalgiaForInfinityX8 - INFO - Grinding exit (grind_5_exit) [2026-06-18 16:00:00+00:00] [BTC/USDT:USDT] | Rate: 62337.8 | Stake amount: 477.923 | Coin amount: 0.023 | Profit
(stake): -1512.727 | Profit: -3.94% | Grind profit: 6.31% (97.356 USDT)
2026-09-25 22:36:47,872 - NostalgiaForInfinityX8 - INFO - Grinding entry (grind_1_entry) [2026-06-18 16:30:00+00:00] [INJ/USDT:USDT] | Rate: 5.104 | Stake amount: 1537.343 | Profit (stake): -6257.501 
| Profit: -5.08% | Tag: g0
2026-09-25 22:36:48,988 - NostalgiaForInfinityX8 - INFO - Grinding entry (grind_1_entry) [2026-06-18 18:15:00+00:00] [SOL/USDT:USDT] | Rate: 68.42 | Stake amount: 2032.469 | Profit (stake): -5136.904 
| Profit: -9.58% | Tag: g0
2026-09-25 22:36:53,908 - NostalgiaForInfinityX8 - INFO - Grinding entry (grind_1_entry) [2026-06-19 02:10:00+00:00] [DOT/USDT:USDT] | Rate: 0.978 | Stake amount: 2047.772 | Profit (stake): -2799.694 
| Profit: -7.30% | Tag: g14
2026-09-25 22:36:55,025 - NostalgiaForInfinityX8 - INFO - Grinding entry (grind_2_entry) [2026-06-19 04:00:00+00:00] [SOL/USDT:USDT] | Rate: 69.01 | Stake amount: 1016.235 | Profit (stake): -5223.244 
| Profit: -8.75% | Tag: g24
2026-09-25 22:36:55,075 - NostalgiaForInfinityX8 - INFO - Grinding entry (grind_1_entry) [2026-06-19 04:00:00+00:00] [BTC/USDT:USDT] | Rate: 62745.1 | Stake amount: 2047.188 | Profit (stake): 
-1678.425 | Profit: -4.38% | Tag: g24
2026-09-25 22:36:55,164 - NostalgiaForInfinityX8 - INFO - Grinding entry (grind_3_entry) [2026-06-19 04:10:00+00:00] [SOL/USDT:USDT] | Rate: 68.96 | Stake amount: 1016.235 | Profit (stake): -5217.201 
| Profit: -8.31% | Tag: g24
2026-09-25 22:36:55,263 - NostalgiaForInfinityX8 - INFO - Grinding entry (grind_4_entry) [2026-06-19 04:20:00+00:00] [SOL/USDT:USDT] | Rate: 68.95 | Stake amount: 508.117 | Profit (stake): -5217.988 |
Profit: -7.93% | Tag: g24
2026-09-25 22:36:58,412 - NostalgiaForInfinityX8 - INFO - Grinding entry (grind_5_entry) [2026-06-19 09:30:00+00:00] [RUNE/USDT:USDT] | Rate: 0.396 | Stake amount: 430.965 | Profit (stake): -3534.382 
| Profit: -5.30% | Tag: 
2026-09-25 22:37:04,058 - NostalgiaForInfinityX8 - INFO - Grinding exit (grind_1_exit) [2026-06-19 18:40:00+00:00] [DOT/USDT:USDT] | Rate: 0.95 | Stake amount: 1989.142 | Coin amount: 6281.5 | Profit 
(stake): -1819.508 | Profit: -4.09% | Grind profit: 2.86% (178.866 USDT)
2026-09-25 22:37:06,312 - NostalgiaForInfinityX8 - INFO - Grinding entry (grind_1_entry) [2026-06-19 22:25:00+00:00] [RUNE/USDT:USDT] | Rate: 0.3936 | Stake amount: 1723.859 | Profit (stake): 
-3558.340 | Profit: -5.23% | Tag: g0
2026-09-25 22:37:09,206 - NostalgiaForInfinityX8 - INFO - Grinding entry (grind_1_entry) [2026-06-20 03:00:00+00:00] [DOT/USDT:USDT] | Rate: 0.955 | Stake amount: 2047.772 | Profit (stake): -1969.221 
| Profit: -4.42% | Tag: g24
2026-09-25 22:37:14,990 - NostalgiaForInfinityX8 - INFO - Grinding exit (grind_1_exit) [2026-06-20 13:30:00+00:00] [INJ/USDT:USDT] | Rate: 4.954 | Stake amount: 1492.145 | Coin amount: 903.6 | Profit 
(stake): -5890.312 | Profit: -4.61% | Grind profit: 2.94% (137.778 USDT)
2026-09-25 22:37:15,292 - NostalgiaForInfinityX8 - INFO - Grinding exit (grind_4_exit) [2026-06-20 14:05:00+00:00] [INJ/USDT:USDT] | Rate: 4.937 | Stake amount: 363.857 | Coin amount: 221.1 | Profit 
(stake): -5862.459 | Profit: -4.59% | Grind profit: 5.31% (61.790 USDT)
2026-09-25 22:37:15,347 - NostalgiaForInfinityX8 - INFO - Grinding exit (grind_5_exit) [2026-06-20 14:10:00+00:00] [INJ/USDT:USDT] | Rate: 4.909 | Stake amount: 791.004 | Coin amount: 483.4 | Profit 
(stake): -5822.777 | Profit: -4.56% | Grind profit: 6.43% (164.226 USDT)
2026-09-25 22:37:15,814 - NostalgiaForInfinityX8 - INFO - Grinding entry (grind_1_entry) [2026-06-20 15:00:00+00:00] [INJ/USDT:USDT] | Rate: 4.998 | Stake amount: 1537.343 | Profit (stake): -5905.873 
| Profit: -4.63% | Tag: g24
2026-09-25 22:37:15,911 - NostalgiaForInfinityX8 - INFO - Grinding entry (grind_4_entry) [2026-06-20 15:10:00+00:00] [INJ/USDT:USDT] | Rate: 5.002 | Stake amount: 384.336 | Profit (stake): -5917.912 |
Profit: -4.47% | Tag: g24
2026-09-25 22:37:16,064 - NostalgiaForInfinityX8 - INFO - Grinding exit (grind_1_exit) [2026-06-20 15:25:00+00:00] [RUNE/USDT:USDT] | Rate: 0.4046 | Stake amount: 1772.013 | Coin amount: 13139.0 | 
Profit (stake): -3315.566 | Profit: -4.53% | Grind profit: 2.79% (141.871 USDT)
2026-09-25 22:37:16,227 - NostalgiaForInfinityX8 - INFO - Grinding entry (grind_5_entry) [2026-06-20 15:45:00+00:00] [INJ/USDT:USDT] | Rate: 5.006 | Stake amount: 384.336 | Profit (stake): -5927.415 |
Profit: -4.44% | Tag: g24
2026-09-25 22:37:25,849 - NostalgiaForInfinityX8 - INFO - Grinding entry (grind_1_entry) [2026-06-21 12:25:00+00:00] [RUNE/USDT:USDT] | Rate: 0.4197 | Stake amount: 1723.859 | Profit (stake): 
-3173.164 | Profit: -4.33% | Tag: g0
2026-09-25 22:37:26,238 - NostalgiaForInfinityX8 - INFO - Grinding exit (grind_5_exit) [2026-06-21 13:15:00+00:00] [RUNE/USDT:USDT] | Rate: 0.4219 | Stake amount: 459.027 | Coin amount: 3264.0 | 
Profit (stake): -3130.446 | Profit: -3.99% | Grind profit: 6.54% (83.849 USDT)
2026-09-25 22:37:29,754 - NostalgiaForInfinityX8 - INFO - Grinding exit (grind_1_exit) [2026-06-21 21:10:00+00:00] [INJ/USDT:USDT] | Rate: 4.789 | Stake amount: 1472.937 | Coin amount: 922.7 | Profit 
(stake): -5431.064 | Profit: -4.04% | Grind profit: 4.18% (195.054 USDT)
2026-09-25 22:37:29,868 - NostalgiaForInfinityX8 - INFO - Grinding entry (grind_1_entry) [2026-06-21 21:25:00+00:00] [INJ/USDT:USDT] | Rate: 4.855 | Stake amount: 1537.343 | Profit (stake): -5523.114 
| Profit: -4.10% | Tag: g24
2026-09-25 22:37:30,940 - NostalgiaForInfinityX8 - INFO - Grinding exit (grind_5_exit) [2026-06-21 23:45:00+00:00] [DOT/USDT:USDT] | Rate: 0.941 | Stake amount: 480.286 | Coin amount: 1531.2 | Profit 
(stake): -1475.842 | Profit: -2.91% | Grind profit: 6.18% (95.655 USDT)
2026-09-25 22:37:31,599 - NostalgiaForInfinityX8 - INFO - Grinding entry (grind_4_entry) [2026-06-22 01:05:00+00:00] [AXS/USDT:USDT] | Rate: 1.036 | Stake amount: 467.714 | Profit (stake): -2736.768 |
Profit: -9.75% | Tag: 
2026-09-25 22:37:35,585 - NostalgiaForInfinityX8 - INFO - Grinding entry (grind_1_entry) [2026-06-22 10:00:00+00:00] [AXS/USDT:USDT] | Rate: 1.037 | Stake amount: 1870.857 | Profit (stake): -2707.980 
| Profit: -9.19% | Tag: g0
2026-09-25 22:37:36,697 - NostalgiaForInfinityX8 - INFO - Grinding entry (grind_3_entry) [2026-06-22 12:30:00+00:00] [RUNE/USDT:USDT] | Rate: 0.4232 | Stake amount: 861.930 | Profit (stake): -3108.187
| Profit: -3.97% | Tag: g24
2026-09-25 22:37:36,772 - NostalgiaForInfinityX8 - INFO - Grinding entry (grind_4_entry) [2026-06-22 12:40:00+00:00] [RUNE/USDT:USDT] | Rate: 0.4216 | Stake amount: 430.965 | Profit (stake): -3150.153
| Profit: -3.89% | Tag: g24
2026-09-25 22:37:36,917 - NostalgiaForInfinityX8 - INFO - Grinding entry (grind_5_entry) [2026-06-22 13:00:00+00:00] [RUNE/USDT:USDT] | Rate: 0.4212 | Stake amount: 430.965 | Profit (stake): -3162.517
| Profit: -3.84% | Tag: g24
2026-09-25 22:37:41,023 - NostalgiaForInfinityX8 - INFO - Grinding exit (grind_1_exit) [2026-06-22 22:00:00+00:00] [AXS/USDT:USDT] | Rate: 1.064 | Stake amount: 1919.456 | Coin amount: 5412.0 | Profit
(stake): -1851.498 | Profit: -5.28% | Grind profit: 2.60% (143.245 USDT)
2026-09-25 22:37:41,205 - NostalgiaForInfinityX8 - INFO - Grinding exit (grind_2_exit) [2026-06-22 22:30:00+00:00] [INJ/USDT:USDT] | Rate: 4.784 | Stake amount: 739.447 | Coin amount: 463.7 | Profit 
(stake): -5362.888 | Profit: -3.85% | Grind profit: 3.80% (88.748 USDT)
2026-09-25 22:37:41,249 - NostalgiaForInfinityX8 - INFO - Grinding entry (grind_2_entry) [2026-06-22 22:35:00+00:00] [INJ/USDT:USDT] | Rate: 4.801 | Stake amount: 768.672 | Profit (stake): -5394.869 |
Profit: -3.88% | Tag: g24
2026-09-25 22:37:41,979 - NostalgiaForInfinityX8 - INFO - Grinding exit (grind_4_exit) [2026-06-23 00:05:00+00:00] [AXS/USDT:USDT] | Rate: 1.099 | Stake amount: 496.015 | Coin amount: 1354.0 | Profit 
(stake): -943.826 | Profit: -2.69% | Grind profit: 6.08% (84.558 USDT)
2026-09-25 22:37:42,081 - NostalgiaForInfinityX8 - INFO - Grinding exit (grind_1_exit) [2026-06-23 00:20:00+00:00] [DOT/USDT:USDT] | Rate: 0.929 | Stake amount: 1991.993 | Coin amount: 6432.7 | Profit
(stake): -1071.691 | Profit: -2.12% | Grind profit: 2.72% (170.238 USDT)
2026-09-25 22:37:42,142 - NostalgiaForInfinityX8 - INFO - Grinding exit (grind_3_exit) [2026-06-23 00:30:00+00:00] [INJ/USDT:USDT] | Rate: 4.758 | Stake amount: 735.428 | Coin amount: 463.7 | Profit 
(stake): -5296.844 | Profit: -3.74% | Grind profit: 4.32% (100.799 USDT)
2026-09-25 22:37:44,126 - NostalgiaForInfinityX8 - INFO - Grinding exit (grind_1_exit) [2026-06-23 04:45:00+00:00] [INJ/USDT:USDT] | Rate: 4.701 | Stake amount: 1488.493 | Coin amount: 949.9 | Profit 
(stake): -5188.666 | Profit: -3.67% | Grind profit: 3.17% (148.517 USDT)
2026-09-25 22:37:44,172 - NostalgiaForInfinityX8 - INFO - Grinding exit (grind_4_exit) [2026-06-23 04:50:00+00:00] [INJ/USDT:USDT] | Rate: 4.671 | Stake amount: 358.889 | Coin amount: 230.5 | Profit 
(stake): -5160.239 | Profit: -3.65% | Grind profit: 6.62% (76.834 USDT)
2026-09-25 22:37:44,216 - NostalgiaForInfinityX8 - INFO - Grinding exit (grind_5_exit) [2026-06-23 04:55:00+00:00] [INJ/USDT:USDT] | Rate: 4.656 | Stake amount: 357.426 | Coin amount: 230.3 | Profit 
(stake): -5149.485 | Profit: -3.64% | Grind profit: 6.99% (81.141 USDT)
2026-09-25 22:37:44,814 - NostalgiaForInfinityX8 - INFO - Grinding exit (grind_2_exit) [2026-06-23 06:10:00+00:00] [INJ/USDT:USDT] | Rate: 4.603 | Stake amount: 736.940 | Coin amount: 480.3 | Profit 
(stake): -5123.698 | Profit: -3.62% | Grind profit: 4.12% (96.205 USDT)
2026-09-25 22:37:45,061 - NostalgiaForInfinityX8 - INFO - Grinding entry (grind_1_entry) [2026-06-23 06:40:00+00:00] [DOT/USDT:USDT] | Rate: 0.916 | Stake amount: 2047.772 | Profit (stake): -714.978 |
Profit: -1.41% | Tag: g24
2026-09-25 22:37:45,844 - NostalgiaForInfinityX8 - INFO - Grinding exit (grind_1_exit) [2026-06-23 08:20:00+00:00] [DOT/USDT:USDT] | Rate: 0.89 | Stake amount: 1989.625 | Coin amount: 6706.6 | Profit 
(stake): 162.099 | Profit: 0.29% | Grind profit: 2.84% (177.356 USDT)
2026-09-25 22:37:46,892 - NostalgiaForInfinityX8 - INFO - Grinding entry (grind_1_entry) [2026-06-23 10:35:00+00:00] [INJ/USDT:USDT] | Rate: 4.561 | Stake amount: 1537.343 | Profit (stake): -5123.448 
| Profit: -3.62% | Tag: g0
2026-09-25 22:37:46,983 - NostalgiaForInfinityX8 - INFO - Grinding entry (grind_2_entry) [2026-06-23 10:45:00+00:00] [INJ/USDT:USDT] | Rate: 4.56 | Stake amount: 768.672 | Profit (stake): -5127.042 | 
Profit: -3.51% | Tag: g0
2026-09-25 22:37:48,068 - NostalgiaForInfinityX8 - INFO - Grinding entry (grind_3_entry) [2026-06-23 13:00:00+00:00] [INJ/USDT:USDT] | Rate: 4.554 | Stake amount: 768.672 | Profit (stake): -5120.206 |
Profit: -3.45% | Tag: g24
2026-09-25 22:37:48,162 - NostalgiaForInfinityX8 - INFO - Grinding entry (grind_4_entry) [2026-06-23 13:10:00+00:00] [INJ/USDT:USDT] | Rate: 4.534 | Stake amount: 384.336 | Profit (stake): -5081.907 |
Profit: -3.37% | Tag: g24
2026-09-25 22:37:48,249 - NostalgiaForInfinityX8 - INFO - Grinding entry (grind_5_entry) [2026-06-23 13:20:00+00:00] [INJ/USDT:USDT] | Rate: 4.539 | Stake amount: 384.336 | Profit (stake): -5094.483 |
Profit: -3.35% | Tag: g24
2026-09-25 22:37:48,832 - NostalgiaForInfinityX8 - INFO - Grinding entry (grind_1_entry) [2026-06-23 14:30:00+00:00] [DOT/USDT:USDT] | Rate: 0.906 | Stake amount: 2047.772 | Profit (stake): -276.933 |
Profit: -0.49% | Tag: g24
2026-09-25 22:37:54,071 - NostalgiaForInfinityX8 - INFO - De-risk Level 1 [2026-06-24 01:20:00+00:00] [AXS/USDT:USDT] | Rate: 1.003 | Stake amount: 1634.556 | Profit (stake): -3282.142 | Profit: 
-9.35%
2026-09-25 22:37:57,797 - NostalgiaForInfinityX8 - INFO - Grinding entry (grind_1_entry) [2026-06-24 09:05:00+00:00] [AXS/USDT:USDT] | Rate: 1.039 | Stake amount: 1870.857 | Profit (stake): -2577.561 
| Profit: -7.34% | Tag: g0
2026-09-25 22:37:58,796 - NostalgiaForInfinityX8 - INFO - Grinding exit (grind_1_exit) [2026-06-24 11:10:00+00:00] [INJ/USDT:USDT] | Rate: 4.397 | Stake amount: 1481.936 | Coin amount: 1011.1 | Profit
(stake): -4737.412 | Profit: -3.10% | Grind profit: 3.60% (168.043 USDT)
2026-09-25 22:37:58,842 - NostalgiaForInfinityX8 - INFO - Grinding exit (grind_2_exit) [2026-06-24 11:15:00+00:00] [INJ/USDT:USDT] | Rate: 4.327 | Stake amount: 729.388 | Coin amount: 505.7 | Profit 
(stake): -4630.510 | Profit: -3.03% | Grind profit: 5.11% (118.922 USDT)
2026-09-25 22:37:58,867 - NostalgiaForInfinityX8 - INFO - Grinding entry (grind_2_entry) [2026-06-24 11:15:00+00:00] [DOT/USDT:USDT] | Rate: 0.896 | Stake amount: 1023.886 | Profit (stake): 58.813 | 
Profit: 0.09% | Tag: g24
2026-09-25 22:37:58,892 - NostalgiaForInfinityX8 - INFO - Grinding exit (grind_3_exit) [2026-06-24 11:20:00+00:00] [INJ/USDT:USDT] | Rate: 4.307 | Stake amount: 726.878 | Coin amount: 506.3 | Profit 
(stake): -4610.086 | Profit: -3.01% | Grind profit: 5.42% (126.146 USDT)
2026-09-25 22:37:59,011 - NostalgiaForInfinityX8 - INFO - Grinding exit (grind_4_exit) [2026-06-24 11:35:00+00:00] [INJ/USDT:USDT] | Rate: 4.279 | Stake amount: 362.717 | Coin amount: 254.3 | Profit 
(stake): -4595.673 | Profit: -3.00% | Grind profit: 5.62% (65.391 USDT)
2026-09-25 22:37:59,965 - NostalgiaForInfinityX8 - INFO - De-risk Level 1 [2026-06-24 13:25:00+00:00] [DOGE/USDT:USDT] | Rate: 0.07751 | Stake amount: 1644.561 | Profit (stake): -3258.404 | Profit: 
-11.67%
2026-09-25 22:38:00,423 - NostalgiaForInfinityX8 - INFO - Grinding exit (grind_1_exit) [2026-06-24 14:20:00+00:00] [BTC/USDT:USDT] | Rate: 60991.9 | Stake amount: 1972.071 | Coin amount: 0.097 | 
Profit (stake): -778.470 | Profit: -1.75% | Grind profit: 2.79% (173.019 USDT)
2026-09-25 22:38:01,637 - NostalgiaForInfinityX8 - INFO - Grinding exit (grind_5_exit) [2026-06-24 16:55:00+00:00] [INJ/USDT:USDT] | Rate: 4.197 | Stake amount: 354.978 | Coin amount: 254.0 | Profit 
(stake): -4574.361 | Profit: -2.99% | Grind profit: 7.53% (87.401 USDT)
2026-09-25 22:38:01,911 - NostalgiaForInfinityX8 - INFO - Grinding entry (grind_4_entry) [2026-06-24 17:25:00+00:00] [AXS/USDT:USDT] | Rate: 0.973 | Stake amount: 467.714 | Profit (stake): -4227.196 |
Profit: -10.38% | Tag: 
2026-09-25 22:38:02,887 - NostalgiaForInfinityX8 - INFO - Grinding entry (grind_5_entry) [2026-06-24 19:30:00+00:00] [DOGE/USDT:USDT] | Rate: 0.0739 | Stake amount: 465.085 | Profit (stake): -4175.546
| Profit: -14.96% | Tag: 
2026-09-25 22:38:03,627 - NostalgiaForInfinityX8 - INFO - Grinding entry (grind_1_entry) [2026-06-24 21:15:00+00:00] [BTC/USDT:USDT] | Rate: 60691.3 | Stake amount: 2047.188 | Profit (stake): -654.855
| Profit: -1.47% | Tag: g24
2026-09-25 22:38:06,145 - NostalgiaForInfinityX8 - INFO - Grinding exit (grind_4_exit) [2026-06-25 02:50:00+00:00] [AXS/USDT:USDT] | Rate: 1.024 | Stake amount: 492.203 | Coin amount: 1442.0 | Profit 
(stake): -2875.478 | Profit: -6.83% | Grind profit: 5.24% (72.804 USDT)
2026-09-25 22:38:06,678 - NostalgiaForInfinityX8 - INFO - Grinding entry (grind_1_entry) [2026-06-25 04:00:00+00:00] [INJ/USDT:USDT] | Rate: 4.153 | Stake amount: 1537.343 | Profit (stake): -4574.073 
| Profit: -2.99% | Tag: g0
2026-09-25 22:38:11,352 - NostalgiaForInfinityX8 - INFO - Grinding exit (grind_1_exit) [2026-06-25 13:55:00+00:00] [BTC/USDT:USDT] | Rate: 58768.7 | Stake amount: 1978.546 | Coin amount: 0.101 | 
Profit (stake): 322.862 | Profit: 0.64% | Grind profit: 3.17% (197.150 USDT)
2026-09-25 22:38:11,389 - NostalgiaForInfinityX8 - INFO - Grinding entry (grind_2_entry) [2026-06-25 14:00:00+00:00] [INJ/USDT:USDT] | Rate: 4.051 | Stake amount: 768.672 | Profit (stake): -4464.953 |
Profit: -2.83% | Tag: g23
2026-09-25 22:38:11,455 - NostalgiaForInfinityX8 - INFO - Grinding entry (grind_4_entry) [2026-06-25 14:00:00+00:00] [AAVE/USDT:USDT] | Rate: 77.96 | Stake amount: 483.727 | Profit (stake): -1859.308 
| Profit: -6.40% | Tag: 
2026-09-25 22:38:11,502 - NostalgiaForInfinityX8 - INFO - Grinding entry (grind_3_entry) [2026-06-25 14:10:00+00:00] [INJ/USDT:USDT] | Rate: 4.177 | Stake amount: 768.672 | Profit (stake): -4679.826 |
Profit: -2.93% | Tag: g24
2026-09-25 22:38:11,584 - NostalgiaForInfinityX8 - INFO - Grinding entry (grind_4_entry) [2026-06-25 14:20:00+00:00] [INJ/USDT:USDT] | Rate: 4.191 | Stake amount: 384.336 | Profit (stake): -4713.482 |
Profit: -2.91% | Tag: g24
2026-09-25 22:38:11,666 - NostalgiaForInfinityX8 - INFO - Grinding entry (grind_5_entry) [2026-06-25 14:30:00+00:00] [INJ/USDT:USDT] | Rate: 4.185 | Stake amount: 384.336 | Profit (stake): -4699.548 |
Profit: -2.88% | Tag: g24
2026-09-25 22:38:12,424 - NostalgiaForInfinityX8 - INFO - Grinding exit (grind_4_exit) [2026-06-25 16:10:00+00:00] [AAVE/USDT:USDT] | Rate: 82.79 | Stake amount: 513.298 | Coin amount: 18.6 | Profit 
(stake): -88.070 | Profit: -0.29% | Grind profit: 6.20% (89.068 USDT)
2026-09-25 22:38:17,005 - NostalgiaForInfinityX8 - INFO - Grinding entry (grind_1_entry) [2026-06-26 02:05:00+00:00] [XRP/USDT:USDT] | Rate: 1.0295 | Stake amount: 1977.436 | Profit (stake): -26.816 |
Profit: -0.09% | Tag: g24
2026-09-25 22:38:17,012 - NostalgiaForInfinityX8 - INFO - Grinding entry (grind_1_entry) [2026-06-26 02:05:00+00:00] [LINK/USDT:USDT] | Rate: 7.169 | Stake amount: 1983.680 | Profit (stake): -20.801 |
Profit: -0.07% | Tag: g0
2026-09-25 22:38:17,227 - NostalgiaForInfinityX8 - INFO - Grinding entry (grind_5_entry) [2026-06-26 02:30:00+00:00] [RUNE/USDT:USDT] | Rate: 0.3864 | Stake amount: 517.158 | Profit (stake): -4229.965
| Profit: -5.06% | Tag: 
2026-09-25 22:38:19,261 - NostalgiaForInfinityX8 - INFO - Grinding entry (grind_4_entry) [2026-06-26 06:45:00+00:00] [INJ/USDT:USDT] | Rate: 4.497 | Stake amount: 461.203 | Profit (stake): -5571.001 |
Profit: -3.39% | Tag: 
2026-09-25 22:38:22,170 - NostalgiaForInfinityX8 - INFO - Grinding entry (grind_1_entry) [2026-06-26 12:45:00+00:00] [ETH/USDT:USDT] | Rate: 1530.09 | Stake amount: 2011.805 | Profit (stake): 63.238 |
Profit: 0.21% | Tag: g0
2026-09-25 22:38:24,504 - NostalgiaForInfinityX8 - INFO - Grinding entry (grind_5_entry) [2026-06-26 17:30:00+00:00] [INJ/USDT:USDT] | Rate: 4.781 | Stake amount: 461.203 | Profit (stake): -6452.659 |
Profit: -3.89% | Tag: 
2026-09-25 22:38:28,922 - NostalgiaForInfinityX8 - INFO - Grinding de-risk (grind_2_derisk) [2026-06-27 02:25:00+00:00] [INJ/USDT:USDT] | Rate: 4.96 | Stake amount: 941.077 | Coin amount: 569.2 | 
Profit (stake): -7062.239 | Profit: -4.22% | Grind profit: -22.44% (-515.991 USDT)
2026-09-25 22:38:31,572 - NostalgiaForInfinityX8 - INFO - Grinding entry (grind_4_entry) [2026-06-27 07:55:00+00:00] [INJ/USDT:USDT] | Rate: 5.034 | Stake amount: 538.070 | Profit (stake): -7270.765 |
Profit: -4.35% | Tag: 
2026-09-25 22:38:44,389 - NostalgiaForInfinityX8 - INFO - Grinding entry (grind_1_entry) [2026-06-28 10:00:00+00:00] [INJ/USDT:USDT] | Rate: 4.677 | Stake amount: 1537.343 | Profit (stake): -6152.513 
| Profit: -3.64% | Tag: g24
2026-09-25 22:38:44,479 - NostalgiaForInfinityX8 - INFO - Grinding entry (grind_2_entry) [2026-06-28 10:10:00+00:00] [INJ/USDT:USDT] | Rate: 4.694 | Stake amount: 768.672 | Profit (stake): -6227.255 |
Profit: -3.59% | Tag: g24
2026-09-25 22:38:45,815 - NostalgiaForInfinityX8 - INFO - Grinding entry (grind_3_entry) [2026-06-28 12:20:00+00:00] [INJ/USDT:USDT] | Rate: 4.658 | Stake amount: 922.406 | Profit (stake): -6063.359 |
Profit: -3.45% | Tag: g0
2026-09-25 22:38:47,001 - NostalgiaForInfinityX8 - INFO - Grinding entry (grind_2_entry) [2026-06-28 14:45:00+00:00] [AXS/USDT:USDT] | Rate: 0.997 | Stake amount: 935.429 | Profit (stake): -3503.946 |
Profit: -8.32% | Tag: g0
2026-09-25 22:39:06,854 - NostalgiaForInfinityX8 - INFO - De-risk Level 2 [2026-06-30 12:15:00+00:00] [DOGE/USDT:USDT] | Rate: 0.07044 | Stake amount: 2241.830 | Profit (stake): -5128.324 | Profit: 
-17.49%
2026-09-25 22:39:15,944 - NostalgiaForInfinityX8 - INFO - Grinding entry (grind_1_entry) [2026-07-01 08:55:00+00:00] [AAVE/USDT:USDT] | Rate: 86.9 | Stake amount: 1988.053 | Profit (stake): -2050.037 
| Profit: -6.87% | Tag: g0
2026-09-25 22:39:18,282 - NostalgiaForInfinityX8 - INFO - De-risk Level 1 [2026-07-01 14:15:00+00:00] [ADA/USDT:USDT] | Rate: 0.1566 | Stake amount: 2252.889 | Profit (stake): -3791.703 | Profit: 
-12.63%
2026-09-25 22:39:20,995 - NostalgiaForInfinityX8 - INFO - Grinding entry (grind_5_entry) [2026-07-01 20:40:00+00:00] [ADA/USDT:USDT] | Rate: 0.1531 | Stake amount: 500.642 | Profit (stake): -3185.064 
| Profit: -10.61% | Tag: 
2026-09-25 22:39:22,135 - NostalgiaForInfinityX8 - INFO - Grinding exit (grind_2_exit) [2026-07-01 23:35:00+00:00] [INJ/USDT:USDT] | Rate: 4.506 | Stake amount: 737.782 | Coin amount: 491.2 | Profit 
(stake): -5272.056 | Profit: -2.95% | Grind profit: 4.01% (93.452 USDT)
2026-09-25 22:39:22,165 - NostalgiaForInfinityX8 - INFO - De-risk Level 1 [2026-07-01 23:35:00+00:00] [AAVE/USDT:USDT] | Rate: 83.13 | Stake amount: 1773.440 | Profit (stake): -3523.455 | Profit: 
-9.84%
2026-09-25 22:39:24,563 - NostalgiaForInfinityX8 - INFO - Grinding entry (grind_2_entry) [2026-07-02 05:40:00+00:00] [AAVE/USDT:USDT] | Rate: 84.85 | Stake amount: 994.027 | Profit (stake): -2964.975 
| Profit: -8.28% | Tag: g24
2026-09-25 22:39:27,501 - NostalgiaForInfinityX8 - INFO - Grinding exit (grind_2_exit) [2026-07-02 12:30:00+00:00] [AAVE/USDT:USDT] | Rate: 88.2 | Stake amount: 1031.940 | Coin amount: 35.1 | Profit 
(stake): -1764.506 | Profit: -4.55% | Grind profit: 3.95% (116.037 USDT)
2026-09-25 22:39:27,913 - NostalgiaForInfinityX8 - INFO - De-risk Level 1 [2026-07-02 13:25:00+00:00] [ETH/USDT:USDT] | Rate: 1684.07 | Stake amount: 2207.367 | Profit (stake): -3567.292 | Profit: 
-9.86%
2026-09-25 22:39:28,318 - NostalgiaForInfinityX8 - INFO - Grinding entry (grind_2_entry) [2026-07-02 14:20:00+00:00] [INJ/USDT:USDT] | Rate: 4.672 | Stake amount: 768.672 | Profit (stake): -6069.194 |
Profit: -3.40% | Tag: g24
2026-09-25 22:39:29,116 - NostalgiaForInfinityX8 - INFO - Grinding exit (grind_2_exit) [2026-07-02 16:15:00+00:00] [AXS/USDT:USDT] | Rate: 1.034 | Stake amount: 969.892 | Coin amount: 2814.0 | Profit 
(stake): -2472.617 | Profit: -5.50% | Grind profit: 3.71% (102.663 USDT)
2026-09-25 22:39:33,104 - NostalgiaForInfinityX8 - INFO - De-risk Level 2 [2026-07-03 01:35:00+00:00] [ADA/USDT:USDT] | Rate: 0.1654 | Stake amount: 3569.233 | Profit (stake): -5420.260 | Profit: 
-17.19%
2026-09-25 22:39:36,064 - NostalgiaForInfinityX8 - INFO - Grinding entry (grind_5_entry) [2026-07-03 08:05:00+00:00] [ADA/USDT:USDT] | Rate: 0.1649 | Stake amount: 600.770 | Profit (stake): -5359.434 
| Profit: -17.00% | Tag: 
2026-09-25 22:39:38,586 - NostalgiaForInfinityX8 - INFO - De-risk Level 3 [2026-07-03 13:30:00+00:00] [ADA/USDT:USDT] | Rate: 0.1705 | Stake amount: 6132.146 | Profit (stake): -6081.964 | Profit: 
-18.25%
2026-09-25 22:39:38,960 - NostalgiaForInfinityX8 - INFO - Grinding exit (grind_1_exit) [2026-07-03 14:20:00+00:00] [AAVE/USDT:USDT] | Rate: 89.88 | Stake amount: 2055.256 | Coin amount: 68.6 | Profit 
(stake): -1221.032 | Profit: -3.15% | Grind profit: 3.43% (201.345 USDT)
2026-09-25 22:39:40,750 - NostalgiaForInfinityX8 - INFO - Grinding entry (grind_4_entry) [2026-07-03 18:35:00+00:00] [ADA/USDT:USDT] | Rate: 0.1796 | Stake amount: 500.642 | Profit (stake): -6270.432 
| Profit: -18.82% | Tag: 
2026-09-25 22:39:41,468 - NostalgiaForInfinityX8 - INFO - Grinding exit (grind_1_exit) [2026-07-03 20:15:00+00:00] [AXS/USDT:USDT] | Rate: 1.068 | Stake amount: 1922.756 | Coin amount: 5401.0 | Profit
(stake): -1633.157 | Profit: -3.64% | Grind profit: 2.79% (153.745 USDT)
2026-09-25 22:39:43,038 - NostalgiaForInfinityX8 - INFO - Grinding entry (grind_1_entry) [2026-07-04 00:00:00+00:00] [AAVE/USDT:USDT] | Rate: 87.55 | Stake amount: 1988.053 | Profit (stake): -1821.057
| Profit: -4.70% | Tag: g24
2026-09-25 22:39:45,980 - NostalgiaForInfinityX8 - INFO - Grinding entry (grind_2_entry) [2026-07-04 06:05:00+00:00] [AAVE/USDT:USDT] | Rate: 88.77 | Stake amount: 994.027 | Profit (stake): -1433.035 
| Profit: -3.20% | Tag: g24
2026-09-25 22:39:48,705 - NostalgiaForInfinityX8 - INFO - Grinding entry (grind_1_entry) [2026-07-04 12:00:00+00:00] [AXS/USDT:USDT] | Rate: 1.055 | Stake amount: 1870.857 | Profit (stake): -1890.529 
| Profit: -4.21% | Tag: g24
2026-09-25 22:39:50,150 - NostalgiaForInfinityX8 - INFO - Grinding entry (grind_1_entry) [2026-07-04 15:05:00+00:00] [BTC/USDT:USDT] | Rate: 62709.2 | Stake amount: 1631.583 | Profit (stake): -106.729
| Profit: -0.44% | Tag: g0
2026-09-25 22:39:50,181 - NostalgiaForInfinityX8 - INFO - De-risk Level 2 [2026-07-04 15:10:00+00:00] [ETH/USDT:USDT] | Rate: 1788.78 | Stake amount: 3516.920 | Profit (stake): -5612.042 | Profit: 
-15.51%
2026-09-25 22:39:50,731 - NostalgiaForInfinityX8 - INFO - Grinding de-risk (grind_5_derisk) [2026-07-04 16:20:00+00:00] [ADA/USDT:USDT] | Rate: 0.196 | Stake amount: 1354.948 | Coin amount: 20739.0 | 
Profit (stake): -6747.854 | Profit: -19.38% | Grind profit: -19.38% (-758.708 USDT)
2026-09-25 22:39:50,916 - NostalgiaForInfinityX8 - INFO - Grinding entry (grind_5_entry) [2026-07-04 16:45:00+00:00] [ADA/USDT:USDT] | Rate: 0.1936 | Stake amount: 500.642 | Profit (stake): -6727.770 
| Profit: -19.32% | Tag: 
2026-09-25 22:39:51,473 - NostalgiaForInfinityX8 - INFO - Grinding exit (grind_1_exit) [2026-07-04 17:55:00+00:00] [AAVE/USDT:USDT] | Rate: 89.92 | Stake amount: 2041.184 | Coin amount: 68.1 | Profit 
(stake): -1025.166 | Profit: -2.15% | Grind profit: 2.71% (158.335 USDT)
2026-09-25 22:39:52,226 - NostalgiaForInfinityX8 - INFO - Grinding entry (grind_2_entry) [2026-07-04 19:30:00+00:00] [AXS/USDT:USDT] | Rate: 1.057 | Stake amount: 935.429 | Profit (stake): -1847.539 |
Profit: -3.66% | Tag: g24
2026-09-25 22:39:53,103 - NostalgiaForInfinityX8 - INFO - Grinding entry (grind_5_entry) [2026-07-04 21:15:00+00:00] [ETH/USDT:USDT] | Rate: 1789.4 | Stake amount: 502.951 | Profit (stake): -5619.313 
| Profit: -15.53% | Tag: 
2026-09-25 22:40:05,964 - NostalgiaForInfinityX8 - INFO - Grinding entry (grind_1_entry) [2026-07-06 00:00:00+00:00] [AAVE/USDT:USDT] | Rate: 89.05 | Stake amount: 1988.053 | Profit (stake): -1283.479
| Profit: -2.69% | Tag: g24
2026-09-25 22:40:10,056 - NostalgiaForInfinityX8 - INFO - Grinding exit (grind_1_exit) [2026-07-06 10:05:00+00:00] [AAVE/USDT:USDT] | Rate: 91.58 | Stake amount: 2042.234 | Coin amount: 66.9 | Profit 
(stake): -391.880 | Profit: -0.73% | Grind profit: 2.84% (166.194 USDT)
2026-09-25 22:40:10,449 - NostalgiaForInfinityX8 - INFO - Grinding exit (grind_2_exit) [2026-07-06 10:55:00+00:00] [AAVE/USDT:USDT] | Rate: 92.49 | Stake amount: 1032.805 | Coin amount: 33.5 | Profit 
(stake): -128.294 | Profit: -0.24% | Grind profit: 4.19% (123.071 USDT)
2026-09-25 22:40:10,983 - NostalgiaForInfinityX8 - INFO - Grinding entry (grind_1_entry) [2026-07-06 12:05:00+00:00] [ADA/USDT:USDT] | Rate: 0.1802 | Stake amount: 2002.568 | Profit (stake): -6511.615
| Profit: -17.92% | Tag: g0
2026-09-25 22:40:11,344 - NostalgiaForInfinityX8 - INFO - Grinding exit (grind_5_exit) [2026-07-06 12:55:00+00:00] [ADA/USDT:USDT] | Rate: 0.1794 | Stake amount: 463.869 | Coin amount: 7757.0 | Profit
(stake): -6478.035 | Profit: -15.30% | Grind profit: 7.33% (110.845 USDT)
2026-09-25 22:40:11,444 - NostalgiaForInfinityX8 - INFO - Grinding entry (grind_4_entry) [2026-07-06 13:05:00+00:00] [CRV/USDT:USDT] | Rate: 0.1998 | Stake amount: 377.227 | Profit (stake): -1514.837 
| Profit: -6.69% | Tag: 
2026-09-25 22:40:13,190 - NostalgiaForInfinityX8 - INFO - Grinding exit (grind_4_exit) [2026-07-06 16:50:00+00:00] [CRV/USDT:USDT] | Rate: 0.21 | Stake amount: 396.480 | Coin amount: 5664.0 | Profit 
(stake): -380.090 | Profit: -1.60% | Grind profit: 5.11% (57.178 USDT)
2026-09-25 22:40:14,969 - NostalgiaForInfinityX8 - INFO - De-risk Level 3 [2026-07-06 21:10:00+00:00] [ETH/USDT:USDT] | Rate: 1823.35 | Stake amount: 5974.814 | Profit (stake): -6107.286 | Profit: 
-16.20%
2026-09-25 22:40:19,177 - NostalgiaForInfinityX8 - INFO - Grinding entry (grind_2_entry) [2026-07-07 10:35:00+00:00] [ADA/USDT:USDT] | Rate: 0.1776 | Stake amount: 1001.284 | Profit (stake): -6401.093
| Profit: -15.12% | Tag: g0
2026-09-25 22:40:23,003 - NostalgiaForInfinityX8 - INFO - Grinding entry (grind_1_entry) [2026-07-07 18:55:00+00:00] [AXS/USDT:USDT] | Rate: 0.993 | Stake amount: 1470.135 | Profit (stake): 152.473 | 
Profit: 0.69% | Tag: g0
2026-09-25 22:40:23,025 - NostalgiaForInfinityX8 - INFO - Grinding exit (grind_1_exit) [2026-07-07 19:00:00+00:00] [ADA/USDT:USDT] | Rate: 0.1755 | Stake amount: 1950.332 | Coin amount: 33339.0 | 
Profit (stake): -6281.478 | Profit: -13.86% | Grind profit: 2.61% (159.619 USDT)
2026-09-25 22:40:26,234 - NostalgiaForInfinityX8 - INFO - Grinding exit (grind_2_exit) [2026-07-08 02:35:00+00:00] [ADA/USDT:USDT] | Rate: 0.1709 | Stake amount: 963.477 | Coin amount: 16913.0 | 
Profit (stake): -6164.896 | Profit: -13.60% | Grind profit: 3.77% (114.762 USDT)
2026-09-25 22:40:27,627 - NostalgiaForInfinityX8 - INFO - Grinding exit (grind_4_exit) [2026-07-08 05:45:00+00:00] [ADA/USDT:USDT] | Rate: 0.17 | Stake amount: 464.918 | Coin amount: 8362.0 | Profit 
(stake): -6157.364 | Profit: -13.58% | Grind profit: 5.35% (80.986 USDT)
2026-09-25 22:40:27,907 - NostalgiaForInfinityX8 - INFO - Grinding entry (grind_1_entry) [2026-07-08 06:20:00+00:00] [DOGE/USDT:USDT] | Rate: 0.07217 | Stake amount: 1470.164 | Profit (stake): 710.214
| Profit: 3.22% | Tag: g0
2026-09-25 22:40:28,015 - NostalgiaForInfinityX8 - INFO - Grinding entry (grind_1_entry) [2026-07-08 06:35:00+00:00] [ETH/USDT:USDT] | Rate: 1747.63 | Stake amount: 2011.805 | Profit (stake): 
-5743.143 | Profit: -15.23% | Tag: g0
2026-09-25 22:40:34,143 - NostalgiaForInfinityX8 - INFO - Grinding entry (grind_1_entry) [2026-07-08 20:55:00+00:00] [ADA/USDT:USDT] | Rate: 0.1659 | Stake amount: 2002.568 | Profit (stake): -6156.706
| Profit: -13.58% | Tag: g0
2026-09-25 22:40:35,411 - NostalgiaForInfinityX8 - INFO - Grinding entry (grind_2_entry) [2026-07-09 00:00:00+00:00] [ADA/USDT:USDT] | Rate: 0.167 | Stake amount: 1001.284 | Profit (stake): -6202.819 
| Profit: -12.08% | Tag: g24
2026-09-25 22:40:35,485 - NostalgiaForInfinityX8 - INFO - Grinding entry (grind_3_entry) [2026-07-09 00:10:00+00:00] [ADA/USDT:USDT] | Rate: 0.1669 | Stake amount: 1001.284 | Profit (stake): -6200.384
| Profit: -11.41% | Tag: g24
2026-09-25 22:40:35,557 - NostalgiaForInfinityX8 - INFO - Grinding entry (grind_4_entry) [2026-07-09 00:20:00+00:00] [ADA/USDT:USDT] | Rate: 0.1665 | Stake amount: 500.642 | Profit (stake): -6174.544 
| Profit: -10.77% | Tag: g24
2026-09-25 22:40:35,652 - NostalgiaForInfinityX8 - INFO - Grinding entry (grind_5_entry) [2026-07-09 00:30:00+00:00] [ADA/USDT:USDT] | Rate: 0.1667 | Stake amount: 500.642 | Profit (stake): -6192.329 
| Profit: -10.52% | Tag: g24
2026-09-25 22:40:35,930 - NostalgiaForInfinityX8 - INFO - Grinding entry (grind_1_entry) [2026-07-09 01:10:00+00:00] [SAND/USDT:USDT] | Rate: 0.0488 | Stake amount: 1470.164 | Profit (stake): -366.827
| Profit: -1.66% | Tag: g0
2026-09-25 22:40:42,396 - NostalgiaForInfinityX8 - INFO - Grinding entry (grind_1_entry) [2026-07-09 15:00:00+00:00] [BNB/USDT:USDT] | Rate: 572.51 | Stake amount: 1516.971 | Profit (stake): -33.452 |
Profit: -0.15% | Tag: g0
2026-09-25 22:40:45,763 - NostalgiaForInfinityX8 - INFO - Grinding entry (grind_1_entry) [2026-07-09 22:20:00+00:00] [AAVE/USDT:USDT] | Rate: 90.7 | Stake amount: 1522.829 | Profit (stake): -536.955 |
Profit: -2.35% | Tag: g24
2026-09-25 22:40:48,229 - NostalgiaForInfinityX8 - INFO - Grinding exit (grind_1_exit) [2026-07-10 03:40:00+00:00] [AAVE/USDT:USDT] | Rate: 93.16 | Stake amount: 1561.983 | Coin amount: 50.3 | Profit 
(stake): 184.802 | Profit: 0.67% | Grind profit: 2.71% (121.395 USDT)
2026-09-25 22:41:03,906 - NostalgiaForInfinityX8 - INFO - Grinding entry (grind_1_entry) [2026-07-11 21:55:00+00:00] [INJ/USDT:USDT] | Rate: 5.034 | Stake amount: 1407.977 | Profit (stake): -405.547 |
Profit: -1.92% | Tag: g24
2026-09-25 22:41:05,829 - NostalgiaForInfinityX8 - INFO - Grinding entry (grind_1_entry) [2026-07-12 05:45:00+00:00] [BTC/USDT:USDT] | Rate: 63942.2 | Stake amount: 1005.502 | Profit (stake): -72.638 
| Profit: -0.48% | Tag: g24
2026-09-25 22:41:23,972 - NostalgiaForInfinityX8 - INFO - Grinding entry (grind_1_entry) [2026-07-14 20:00:00+00:00] [SOL/USDT:USDT] | Rate: 77.13 | Stake amount: 1488.003 | Profit (stake): -608.622 |
Profit: -2.73% | Tag: g24
2026-09-25 22:41:28,928 - NostalgiaForInfinityX8 - INFO - Grinding exit (grind_1_exit) [2026-07-15 13:00:00+00:00] [INJ/USDT:USDT] | Rate: 5.173 | Stake amount: 1446.716 | Coin amount: 839.0 | Profit 
(stake): 300.289 | Profit: 1.18% | Grind profit: 2.76% (114.451 USDT)
2026-09-25 22:41:30,636 - NostalgiaForInfinityX8 - INFO - Grinding entry (grind_1_entry) [2026-07-15 20:30:00+00:00] [AAVE/USDT:USDT] | Rate: 96.77 | Stake amount: 1127.859 | Profit (stake): -465.195 
| Profit: -2.75% | Tag: g24
2026-09-25 22:41:46,890 - NostalgiaForInfinityX8 - INFO - De-risk Level 1 [2026-07-18 02:15:00+00:00] [AAVE/USDT:USDT] | Rate: 89.38 | Stake amount: 1014.165 | Profit (stake): -1987.651 | Profit: 
-9.79%
2026-09-25 22:41:47,951 - NostalgiaForInfinityX8 - INFO - Grinding entry (grind_1_entry) [2026-07-18 05:40:00+00:00] [ETH/USDT:USDT] | Rate: 1845.62 | Stake amount: 1460.903 | Profit (stake): 
-1037.953 | Profit: -4.73% | Tag: g0
2026-09-25 22:42:05,998 - NostalgiaForInfinityX8 - INFO - Grinding exit (grind_1_exit) [2026-07-20 15:50:00+00:00] [ETH/USDT:USDT] | Rate: 1895.93 | Stake amount: 1500.313 | Coin amount: 2.374 | 
Profit (stake): -359.156 | Profit: -1.37% | Grind profit: 2.73% (117.185 USDT)
2026-09-25 22:42:06,352 - NostalgiaForInfinityX8 - INFO - Grinding entry (grind_5_entry) [2026-07-20 17:00:00+00:00] [AAVE/USDT:USDT] | Rate: 89.27 | Stake amount: 281.965 | Profit (stake): -2010.497 
| Profit: -9.90% | Tag: 
2026-09-25 22:42:09,438 - NostalgiaForInfinityX8 - INFO - Grinding entry (grind_2_entry) [2026-07-21 02:45:00+00:00] [AAVE/USDT:USDT] | Rate: 90.81 | Stake amount: 563.929 | Profit (stake): -1732.937 
| Profit: -8.20% | Tag: g24
2026-09-25 22:42:10,854 - NostalgiaForInfinityX8 - INFO - Grinding exit (grind_2_exit) [2026-07-21 07:15:00+00:00] [AAVE/USDT:USDT] | Rate: 94.27 | Stake amount: 584.474 | Coin amount: 18.6 | Profit 
(stake): -1046.084 | Profit: -4.58% | Grind profit: 3.81% (63.479 USDT)
2026-09-25 22:42:11,126 - NostalgiaForInfinityX8 - INFO - Grinding exit (grind_5_exit) [2026-07-21 08:05:00+00:00] [AAVE/USDT:USDT] | Rate: 94.99 | Stake amount: 297.635 | Coin amount: 9.4 | Profit 
(stake): -917.062 | Profit: -4.02% | Grind profit: 6.41% (53.322 USDT)
2026-09-25 22:42:16,157 - NostalgiaForInfinityX8 - INFO - Grinding entry (grind_2_entry) [2026-07-22 00:00:00+00:00] [AAVE/USDT:USDT] | Rate: 95.62 | Stake amount: 563.929 | Profit (stake): -809.315 |
Profit: -3.54% | Tag: g24
2026-09-25 22:42:21,231 - NostalgiaForInfinityX8 - INFO - De-risk Level 1 [2026-07-22 15:50:00+00:00] [ADA/USDT:USDT] | Rate: 0.1795 | Stake amount: 1649.222 | Profit (stake): -2802.682 | Profit: 
-12.78%
2026-09-25 22:42:22,977 - NostalgiaForInfinityX8 - INFO - Grinding entry (grind_5_entry) [2026-07-22 21:55:00+00:00] [ADA/USDT:USDT] | Rate: 0.1751 | Stake amount: 365.677 | Profit (stake): -2315.356 
| Profit: -10.56% | Tag: 
2026-09-25 22:42:24,347 - NostalgiaForInfinityX8 - INFO - Grinding entry (grind_1_entry) [2026-07-23 02:20:00+00:00] [ALGO/USDT:USDT] | Rate: 0.0846 | Stake amount: 1494.988 | Profit (stake): -656.460
| Profit: -2.93% | Tag: g0
2026-09-25 22:42:35,862 - NostalgiaForInfinityX8 - INFO - Grinding exit (grind_5_exit) [2026-07-24 14:45:00+00:00] [ADA/USDT:USDT] | Rate: 0.1636 | Stake amount: 341.651 | Coin amount: 6265.0 | Profit
(stake): -983.106 | Profit: -4.27% | Grind profit: 6.57% (72.560 USDT)
2026-09-25 22:42:37,874 - NostalgiaForInfinityX8 - INFO - Grinding exit (grind_1_exit) [2026-07-24 21:05:00+00:00] [ALGO/USDT:USDT] | Rate: 0.08744 | Stake amount: 1545.173 | Coin amount: 53013.7 | 
Profit (stake): 226.136 | Profit: 0.84% | Grind profit: 3.36% (148.241 USDT)
2026-09-25 22:42:40,465 - NostalgiaForInfinityX8 - INFO - Grinding entry (grind_1_entry) [2026-07-25 05:20:00+00:00] [ADA/USDT:USDT] | Rate: 0.1631 | Stake amount: 1462.708 | Profit (stake): -932.175 
| Profit: -4.05% | Tag: g0
2026-09-25 22:42:53,447 - NostalgiaForInfinityX8 - INFO - Grinding exit (grind_2_exit) [2026-07-26 22:20:00+00:00] [AAVE/USDT:USDT] | Rate: 99.12 | Stake amount: 581.504 | Coin amount: 17.6 | Profit 
(stake): -159.868 | Profit: -0.65% | Grind profit: 3.66% (60.728 USDT)
2026-09-25 22:42:53,477 - NostalgiaForInfinityX8 - INFO - Grinding exit (grind_1_exit) [2026-07-26 22:25:00+00:00] [AAVE/USDT:USDT] | Rate: 99.93 | Stake amount: 1162.519 | Coin amount: 34.9 | Profit 
(stake): -21.104 | Profit: -0.09% | Grind profit: 3.27% (108.540 USDT)
2026-09-25 22:42:58,587 - NostalgiaForInfinityX8 - INFO - Grinding exit (grind_1_exit) [2026-07-27 14:45:00+00:00] [ADA/USDT:USDT] | Rate: 0.1584 | Stake amount: 1420.531 | Coin amount: 26904.0 | 
Profit (stake): -301.403 | Profit: -1.10% | Grind profit: 2.88% (128.580 USDT)
2026-09-25 22:42:58,997 - NostalgiaForInfinityX8 - INFO - Grinding entry (grind_1_entry) [2026-07-27 16:00:00+00:00] [XRP/USDT:USDT] | Rate: 1.0857 | Stake amount: 1293.756 | Profit (stake): -14.971 |
Profit: -0.08% | Tag: g24
2026-09-25 22:43:00,796 - NostalgiaForInfinityX8 - INFO - Grinding entry (grind_1_entry) [2026-07-27 21:50:00+00:00] [ADA/USDT:USDT] | Rate: 0.1586 | Stake amount: 1462.708 | Profit (stake): -326.960 
| Profit: -1.19% | Tag: g24
2026-09-25 22:43:23,239 - NostalgiaForInfinityX8 - INFO - De-risk Level 1 [2026-07-30 23:40:00+00:00] [INJ/USDT:USDT] | Rate: 5.014 | Stake amount: 1751.958 | Profit (stake): -2781.720 | Profit: 
-11.83%
2026-09-25 22:43:25,794 - NostalgiaForInfinityX8 - INFO - Grinding entry (grind_5_entry) [2026-07-31 07:50:00+00:00] [INJ/USDT:USDT] | Rate: 4.907 | Stake amount: 392.216 | Profit (stake): -2336.046 |
Profit: -9.93% | Tag: 
2026-09-25 22:43:36,170 - NostalgiaForInfinityX8 - INFO - De-risk Level 1 [2026-08-01 18:35:00+00:00] [SOL/USDT:USDT] | Rate: 71.18 | Stake amount: 1337.662 | Profit (stake): -2654.521 | Profit: 
-9.91%
2026-09-25 22:43:36,183 - NostalgiaForInfinityX8 - INFO - Grinding entry (grind_1_entry) [2026-08-01 18:35:00+00:00] [INJ/USDT:USDT] | Rate: 4.877 | Stake amount: 1568.866 | Profit (stake): -2211.101 
| Profit: -8.95% | Tag: g24
backtest ━━━━━━━━━━━━━━━━━━━━━━━━━━━━━━━━━━━━━━━━━━━━━━━━━━━━━━━━━━━━━━━━━━━━━━━━━━━━━━━━━━━━━━━━━━━━━━━━━━━━━━━━━━━━━━━━━━━━━━━━━━━━━━━━━━━━━━━━━━━━━━━━━━━━━━━━━━ 4/4         100% • 0:00:41 • 0:00:00
backtest ━━━━━━━━━━━━━━━━━━━━━━━━━━━━━━━━━━━━━━━━━━━━━━━━━━━━━━━━━━━━━━━━━━━━━━━━━━━━━━━━━━━━━━━━━━━━━━━━━━━━━━━━━━━━━━━━━━━━━━━━━━━━━━━━━━━━━━━━━━━━━━━━━━━━━━━━━━ 62496/62496 100% • 0:32:36 • 0:00:00
2026-09-25 22:44:11,342 - freqtrade.misc - INFO - dumping json to "/study/execution/modified/backtest_results/backtest-result-2026-09-25_22-44-11.meta.json"
Result for strategy NostalgiaForInfinityX8
                                                  BACKTESTING REPORT                                                   
┏━━━━━━━━━━━━━━━━┳━━━━━━━━┳━━━━━━━━━━━━━━┳━━━━━━━━━━━━━━━━━┳━━━━━━━━━━━━━━┳━━━━━━━━━━━━━━━━━━┳━━━━━━━━━━━━━━━━━━━━━━━━┓
┃           Pair ┃ Trades ┃ Avg Profit % ┃ Tot Profit USDT ┃ Tot Profit % ┃     Avg Duration ┃  Win  Draw  Loss  Win% ┃
┡━━━━━━━━━━━━━━━━╇━━━━━━━━╇━━━━━━━━━━━━━━╇━━━━━━━━━━━━━━━━━╇━━━━━━━━━━━━━━╇━━━━━━━━━━━━━━━━━━╇━━━━━━━━━━━━━━━━━━━━━━━━┩
│ AAVE/USDT:USDT │     34 │         4.18 │       18528.350 │        18.53 │  1 day, 18:17:00 │   34     0     0   100 │
│ GALA/USDT:USDT │     21 │         2.85 │        6935.566 │         6.94 │  1 day, 10:01:00 │   21     0     0   100 │
│  CRV/USDT:USDT │     22 │         2.58 │        6554.828 │         6.55 │  1 day, 20:27:00 │   22     0     0   100 │
│  ETH/USDT:USDT │     37 │         1.76 │        4896.155 │          4.9 │  2 days, 2:16:00 │   35     0     2  94.6 │
│  BNB/USDT:USDT │     11 │         2.96 │        4691.834 │         4.69 │         21:30:00 │   10     0     1  90.9 │
│ RUNE/USDT:USDT │     17 │          2.0 │        2862.128 │         2.86 │ 3 days, 15:23:00 │   15     0     2  88.2 │
│  BTC/USDT:USDT │     32 │         0.96 │        2283.428 │         2.28 │  3 days, 5:11:00 │   29     0     3  90.6 │
│ LINK/USDT:USDT │     25 │         1.25 │        1128.076 │         1.13 │         23:26:00 │   24     0     1  96.0 │
│  SOL/USDT:USDT │     30 │          0.1 │         745.764 │         0.75 │  2 days, 0:54:00 │   27     0     3  90.0 │
│ DOGE/USDT:USDT │     33 │         0.27 │        -651.748 │        -0.65 │ 2 days, 12:10:00 │   30     0     3  90.9 │
│  AXS/USDT:USDT │     23 │         3.42 │       -2983.538 │        -2.98 │ 3 days, 18:44:00 │   21     0     2  91.3 │
│ AVAX/USDT:USDT │     15 │        -0.51 │       -6016.943 │        -6.02 │  3 days, 9:36:00 │   13     0     2  86.7 │
│ SAND/USDT:USDT │     13 │        -2.48 │       -7988.471 │        -7.99 │  2 days, 4:48:00 │   11     0     2  84.6 │
│  FIL/USDT:USDT │     19 │        -1.95 │       -8031.166 │        -8.03 │ 5 days, 15:32:00 │   16     0     3  84.2 │
│  ADA/USDT:USDT │     24 │        -0.15 │      -10003.354 │        -10.0 │  2 days, 7:31:00 │   22     0     2  91.7 │
│  XRP/USDT:USDT │     30 │         0.61 │      -10520.738 │       -10.52 │ 2 days, 11:02:00 │   27     0     3  90.0 │
│ ALGO/USDT:USDT │     19 │        -4.48 │      -17303.542 │        -17.3 │ 3 days, 23:44:00 │   16     0     3  84.2 │
│  INJ/USDT:USDT │     15 │        -4.97 │      -21291.623 │       -21.29 │  8 days, 6:49:00 │   11     0     4  73.3 │
│  DOT/USDT:USDT │     21 │        -3.58 │      -22981.017 │       -22.98 │ 4 days, 12:18:00 │   17     0     4  81.0 │
│          TOTAL │    441 │         0.56 │      -59146.011 │       -59.15 │ 2 days, 19:58:00 │  401     0    40  90.9 │
└────────────────┴────────┴──────────────┴─────────────────┴──────────────┴──────────────────┴────────────────────────┘
                                                LEFT OPEN TRADES REPORT                                                
┏━━━━━━━━━━━━━━━━┳━━━━━━━━┳━━━━━━━━━━━━━━┳━━━━━━━━━━━━━━━━━┳━━━━━━━━━━━━━━┳━━━━━━━━━━━━━━━━━━┳━━━━━━━━━━━━━━━━━━━━━━━━┓
┃           Pair ┃ Trades ┃ Avg Profit % ┃ Tot Profit USDT ┃ Tot Profit % ┃     Avg Duration ┃  Win  Draw  Loss  Win% ┃
┡━━━━━━━━━━━━━━━━╇━━━━━━━━╇━━━━━━━━━━━━━━╇━━━━━━━━━━━━━━━━━╇━━━━━━━━━━━━━━╇━━━━━━━━━━━━━━━━━━╇━━━━━━━━━━━━━━━━━━━━━━━━┩
│ SAND/USDT:USDT │      1 │        -4.78 │        -358.196 │        -0.36 │  4 days, 3:35:00 │    0     0     1     0 │
│  BNB/USDT:USDT │      1 │        -9.67 │        -601.884 │         -0.6 │  4 days, 0:15:00 │    0     0     1     0 │
│ RUNE/USDT:USDT │      1 │        -8.14 │        -634.829 │        -0.63 │  5 days, 3:00:00 │    0     0     1     0 │
│  BTC/USDT:USDT │      1 │         -8.8 │        -686.641 │        -0.69 │  4 days, 6:30:00 │    0     0     1     0 │
│  FIL/USDT:USDT │      1 │       -10.71 │        -795.639 │         -0.8 │  4 days, 5:15:00 │    0     0     1     0 │
│  INJ/USDT:USDT │      1 │       -21.44 │       -2100.856 │         -2.1 │ 7 days, 16:55:00 │    0     0     1     0 │
│          TOTAL │      6 │       -10.59 │       -5178.046 │        -5.18 │ 4 days, 21:55:00 │    0     0     6     0 │
└────────────────┴────────┴──────────────┴─────────────────┴──────────────┴──────────────────┴────────────────────────┘
                                                  ENTER TAG STATS                                                  
┏━━━━━━━━━━━┳━━━━━━━━━┳━━━━━━━━━━━━━━┳━━━━━━━━━━━━━━━━━┳━━━━━━━━━━━━━━┳━━━━━━━━━━━━━━━━━━┳━━━━━━━━━━━━━━━━━━━━━━━━┓
┃ Enter Tag ┃ Entries ┃ Avg Profit % ┃ Tot Profit USDT ┃ Tot Profit % ┃     Avg Duration ┃  Win  Draw  Loss  Win% ┃
┡━━━━━━━━━━━╇━━━━━━━━━╇━━━━━━━━━━━━━━╇━━━━━━━━━━━━━━━━━╇━━━━━━━━━━━━━━╇━━━━━━━━━━━━━━━━━━╇━━━━━━━━━━━━━━━━━━━━━━━━┩
│       665 │     173 │         2.75 │       28276.476 │        28.28 │  1 day, 23:38:00 │  163     0    10  94.2 │
│       169 │      44 │         2.04 │        7559.361 │         7.56 │  2 days, 7:49:00 │   42     0     2  95.5 │
│   166 169 │       1 │        15.35 │        2207.251 │         2.21 │  1 day, 13:10:00 │    1     0     0   100 │
│       171 │      20 │        -3.45 │      -14720.376 │       -14.72 │ 4 days, 14:50:00 │   16     0     4  80.0 │
│       166 │     106 │        -1.42 │      -38490.247 │       -38.49 │  3 days, 6:29:00 │   95     0    11  89.6 │
│       664 │      97 │        -1.17 │      -43978.475 │       -43.98 │ 3 days, 17:43:00 │   84     0    13  86.6 │
│     TOTAL │     441 │         0.56 │      -59146.011 │       -59.15 │ 2 days, 19:58:00 │  401     0    40  90.9 │
└───────────┴─────────┴──────────────┴─────────────────┴──────────────┴──────────────────┴────────────────────────┘
                                                                 EXIT REASON STATS                                                                 
┏━━━━━━━━━━━━━━━━━━━━━━━━━━━━━━━━━━━━━━━━━━━━┳━━━━━━━┳━━━━━━━━━━━━━━┳━━━━━━━━━━━━━━━━━┳━━━━━━━━━━━━━━┳━━━━━━━━━━━━━━━━━━━┳━━━━━━━━━━━━━━━━━━━━━━━━┓
┃                                Exit Reason ┃ Exits ┃ Avg Profit % ┃ Tot Profit USDT ┃ Tot Profit % ┃      Avg Duration ┃  Win  Draw  Loss  Win% ┃
┡━━━━━━━━━━━━━━━━━━━━━━━━━━━━━━━━━━━━━━━━━━━━╇━━━━━━━╇━━━━━━━━━━━━━━╇━━━━━━━━━━━━━━━━━╇━━━━━━━━━━━━━━╇━━━━━━━━━━━━━━━━━━━╇━━━━━━━━━━━━━━━━━━━━━━━━┩
│    exit_profit_short_scalp_t_0_1_m ( 665 ) │    89 │         1.28 │       12210.979 │        12.21 │          19:02:00 │   89     0     0   100 │
│    exit_profit_short_scalp_t_2_1_m ( 665 ) │    14 │         6.78 │       11239.057 │        11.24 │   1 day, 12:29:00 │   14     0     0   100 │
│     exit_profit_long_scalp_t_0_1_m ( 166 ) │    65 │         1.26 │       10020.437 │        10.02 │   1 day, 18:20:00 │   65     0     0   100 │
│             exit_short_scalp_2_1_1 ( 665 ) │     5 │        13.94 │        9231.503 │         9.23 │   2 days, 8:24:00 │    5     0     0   100 │
│    exit_profit_short_scalp_t_1_1_m ( 665 ) │    19 │         4.16 │        8960.868 │         8.96 │           9:31:00 │   19     0     0   100 │
│    exit_profit_short_scalp_t_0_1_m ( 664 ) │    49 │         1.51 │        8285.051 │         8.29 │    1 day, 4:37:00 │   49     0     0   100 │
│             exit_short_scalp_1_1_1 ( 665 ) │     9 │         6.29 │        5773.967 │         5.77 │  3 days, 17:13:00 │    9     0     0   100 │
│    exit_profit_short_scalp_t_3_1_m ( 665 ) │     5 │         9.77 │        5568.111 │         5.57 │           9:42:00 │    5     0     0   100 │
│    exit_profit_short_scalp_t_4_1_m ( 665 ) │     4 │        11.34 │        5464.045 │         5.46 │           5:36:00 │    4     0     0   100 │
│     exit_profit_long_scalp_t_1_1_m ( 166 ) │    10 │         3.91 │        4967.944 │         4.97 │  2 days, 19:38:00 │   10     0     0   100 │
│             exit_short_scalp_1_1_1 ( 664 ) │     5 │         7.43 │        4700.813 │          4.7 │          18:40:00 │    5     0     0   100 │
│    exit_profit_short_scalp_t_2_1_m ( 664 ) │     6 │         7.05 │        4556.007 │         4.56 │  2 days, 21:52:00 │    6     0     0   100 │
│             exit_short_scalp_2_1_1 ( 664 ) │     5 │         5.11 │        4507.524 │         4.51 │   9 days, 0:37:00 │    5     0     0   100 │
│             exit_short_scalp_d_8_1 ( 665 ) │     1 │        24.63 │        3769.256 │         3.77 │           1:15:00 │    1     0     0   100 │
│    exit_profit_short_scalp_t_1_1_m ( 664 ) │     9 │         3.92 │        3761.852 │         3.76 │    1 day, 0:42:00 │    9     0     0   100 │
│             exit_short_scalp_d_7_1 ( 665 ) │     1 │        23.81 │        3619.152 │         3.62 │           2:35:00 │    1     0     0   100 │
│     exit_profit_long_scalp_t_2_1_m ( 169 ) │     3 │         7.38 │        3489.830 │         3.49 │           7:37:00 │    3     0     0   100 │
│              exit_long_scalp_w_4_1 ( 166 ) │     2 │         12.7 │        3282.667 │         3.28 │   2 days, 5:42:00 │    2     0     0   100 │
│     exit_profit_long_scalp_t_0_1_m ( 169 ) │    18 │         1.41 │        3264.774 │         3.26 │   1 day, 16:56:00 │   18     0     0   100 │
│     exit_profit_long_scalp_t_2_1_m ( 166 ) │     3 │         7.56 │        3139.675 │         3.14 │    1 day, 8:45:00 │    3     0     0   100 │
│             exit_short_scalp_w_5_1 ( 665 ) │     2 │        16.37 │        3127.397 │         3.13 │           3:45:00 │    2     0     0   100 │
│     exit_profit_long_scalp_t_1_1_m ( 169 ) │     6 │         3.91 │        3077.650 │         3.08 │    1 day, 3:33:00 │    6     0     0   100 │
│              exit_long_scalp_1_1_1 ( 166 ) │     3 │         7.83 │        2970.435 │         2.97 │  2 days, 21:27:00 │    3     0     0   100 │
│             exit_short_scalp_d_6_1 ( 665 ) │     1 │        19.23 │        2697.276 │          2.7 │           2:40:00 │    1     0     0   100 │
│             exit_short_scalp_w_1_1 ( 665 ) │     6 │          4.4 │        2647.688 │         2.65 │           8:45:00 │    6     0     0   100 │
│              exit_long_scalp_d_6_1 ( 166 ) │     1 │        20.44 │        2515.819 │         2.52 │           6:10:00 │    1     0     0   100 │
│             exit_short_scalp_3_1_1 ( 665 ) │     2 │        10.09 │        2229.046 │         2.23 │  2 days, 10:50:00 │    2     0     0   100 │
│ exit_profit_long_scalp_t_6_1_m ( 166 169 ) │     1 │        15.35 │        2207.251 │         2.21 │   1 day, 13:10:00 │    1     0     0   100 │
│     exit_profit_long_scalp_t_5_1_m ( 166 ) │     1 │        15.01 │        1960.570 │         1.96 │           4:00:00 │    1     0     0   100 │
│    exit_profit_short_scalp_t_3_1_m ( 664 ) │     2 │         8.39 │        1864.249 │         1.86 │          22:30:00 │    2     0     0   100 │
│              exit_long_scalp_1_1_1 ( 169 ) │     3 │         5.84 │        1814.179 │         1.81 │           8:23:00 │    3     0     0   100 │
│     exit_profit_long_scalp_t_0_1_m ( 171 ) │    10 │         1.41 │        1554.963 │         1.55 │          22:04:00 │   10     0     0   100 │
│     exit_profit_long_scalp_t_5_1_m ( 169 ) │     1 │        16.89 │        1490.855 │         1.49 │           2:15:00 │    1     0     0   100 │
│              exit_long_scalp_w_2_1 ( 169 ) │     2 │          6.6 │        1457.306 │         1.46 │    1 day, 4:38:00 │    2     0     0   100 │
│              exit_long_scalp_w_0_1 ( 169 ) │     6 │         1.36 │        1437.473 │         1.44 │  2 days, 19:23:00 │    6     0     0   100 │
│              exit_long_scalp_2_1_1 ( 166 ) │     2 │         5.93 │        1404.770 │          1.4 │  10 days, 7:22:00 │    2     0     0   100 │
│              exit_long_scalp_w_3_1 ( 169 ) │     1 │        11.71 │        1230.424 │         1.23 │           2:20:00 │    1     0     0   100 │
│              exit_long_scalp_w_2_1 ( 166 ) │     1 │         7.25 │        1112.464 │         1.11 │           6:55:00 │    1     0     0   100 │
│             exit_short_scalp_3_1_1 ( 664 ) │     3 │         4.44 │        1067.550 │         1.07 │   1 day, 11:58:00 │    3     0     0   100 │
│             exit_short_scalp_w_0_1 ( 665 ) │     4 │         1.52 │        1024.596 │         1.02 │  5 days, 16:45:00 │    4     0     0   100 │
│              exit_long_scalp_3_1_1 ( 166 ) │     2 │         4.38 │        1000.007 │          1.0 │   1 day, 15:45:00 │    2     0     0   100 │
│              exit_long_scalp_w_1_1 ( 166 ) │     2 │         3.58 │         948.467 │         0.95 │          19:38:00 │    2     0     0   100 │
│                exit_long_scalp_o_3 ( 171 ) │     1 │        11.15 │         947.832 │         0.95 │          21:50:00 │    1     0     0   100 │
│              exit_long_scalp_w_1_1 ( 169 ) │     2 │         3.85 │         935.085 │         0.94 │          11:20:00 │    2     0     0   100 │
│     exit_profit_long_scalp_t_2_1_m ( 171 ) │     1 │         6.07 │         919.291 │         0.92 │           3:45:00 │    1     0     0   100 │
│             exit_short_scalp_w_2_1 ( 665 ) │     1 │         6.84 │         801.923 │          0.8 │          10:50:00 │    1     0     0   100 │
│              exit_long_scalp_2_1_1 ( 171 ) │     1 │         4.03 │         738.877 │         0.74 │          21:40:00 │    1     0     0   100 │
│             exit_short_scalp_w_2_1 ( 664 ) │     1 │         6.76 │         670.554 │         0.67 │           9:25:00 │    1     0     0   100 │
│              exit_long_scalp_w_0_1 ( 166 ) │     3 │         1.53 │         665.745 │         0.67 │           2:23:00 │    3     0     0   100 │
│              exit_long_scalp_d_1_1 ( 171 ) │     1 │         5.31 │         486.081 │         0.49 │           1:35:00 │    1     0     0   100 │
│             exit_short_scalp_w_0_1 ( 664 ) │     2 │          1.2 │         408.253 │         0.41 │          10:30:00 │    2     0     0   100 │
│              exit_long_scalp_d_0_1 ( 171 ) │     1 │         2.31 │         397.690 │          0.4 │           0:05:00 │    1     0     0   100 │
│             exit_short_scalp_w_1_1 ( 664 ) │     1 │         4.37 │         396.572 │          0.4 │           1:10:00 │    1     0     0   100 │
│     exit_profit_long_scalp_t_1_1_m ( 171 ) │     1 │         3.61 │         329.445 │         0.33 │           5:00:00 │    1     0     0   100 │
│             exit_short_scalp_d_0_1 ( 664 ) │     1 │         2.54 │         206.613 │         0.21 │   3 days, 3:20:00 │    1     0     0   100 │
│         exit_bad_trade_abandon_23d ( 166 ) │     1 │       -29.72 │       -2654.521 │        -2.65 │ 22 days, 12:50:00 │    0     0     1     0 │
│         exit_bad_trade_abandon_21d ( 664 ) │     1 │       -23.76 │       -4209.174 │        -4.21 │ 20 days, 19:05:00 │    0     0     1     0 │
│         exit_bad_trade_abandon_33d ( 171 ) │     1 │       -14.86 │       -4217.208 │        -4.22 │ 32 days, 15:55:00 │    0     0     1     0 │
│         exit_bad_trade_abandon_28d ( 169 ) │     1 │       -29.98 │       -4505.802 │        -4.51 │  28 days, 8:40:00 │    0     0     1     0 │
│         exit_bad_trade_abandon_14d ( 171 ) │     1 │       -47.48 │       -4639.778 │        -4.64 │  14 days, 0:00:00 │    0     0     1     0 │
│         exit_bad_trade_abandon_15d ( 171 ) │     1 │       -32.94 │       -5146.654 │        -5.15 │  15 days, 6:15:00 │    0     0     1     0 │
│                                 force_exit │     6 │       -10.59 │       -5178.046 │        -5.18 │  4 days, 21:55:00 │    0     0     6     0 │
│         exit_bad_trade_abandon_19d ( 171 ) │     1 │       -20.31 │       -6090.914 │        -6.09 │ 18 days, 23:55:00 │    0     0     1     0 │
│         exit_bad_trade_abandon_14d ( 169 ) │     1 │       -26.63 │       -6132.412 │        -6.13 │  14 days, 0:00:00 │    0     0     1     0 │
│         exit_bad_trade_abandon_18d ( 664 ) │     1 │       -31.28 │       -6999.655 │         -7.0 │ 17 days, 20:40:00 │    0     0     1     0 │
│         exit_bad_trade_abandon_64d ( 664 ) │     1 │       -13.09 │       -7893.014 │        -7.89 │ 63 days, 22:45:00 │    0     0     1     0 │
│        exit_bad_trade_broken_25pct ( 166 ) │     1 │        -53.4 │       -9533.877 │        -9.53 │  6 days, 16:30:00 │    0     0     1     0 │
│        exit_bad_trade_broken_51pct ( 166 ) │     1 │        -45.0 │       -9673.584 │        -9.67 │ 17 days, 13:35:00 │    0     0     1     0 │
│         exit_bad_trade_abandon_15d ( 166 ) │     2 │       -26.91 │      -11758.420 │       -11.76 │ 14 days, 14:42:00 │    0     0     2     0 │
│         exit_bad_trade_abandon_65d ( 665 ) │     1 │       -10.57 │      -12624.139 │       -12.62 │ 64 days, 15:00:00 │    0     0     1     0 │
│         exit_bad_trade_abandon_14d ( 665 ) │     3 │       -28.23 │      -17192.871 │       -17.19 │  14 days, 1:22:00 │    0     0     3     0 │
│         exit_bad_trade_abandon_15d ( 665 ) │     3 │       -24.59 │      -18430.899 │       -18.43 │  15 days, 3:08:00 │    0     0     3     0 │
│         exit_bad_trade_abandon_14d ( 166 ) │     6 │       -39.41 │      -38858.843 │       -38.86 │  14 days, 0:00:00 │    0     0     6     0 │
│         exit_bad_trade_abandon_14d ( 664 ) │     7 │       -38.13 │      -51964.101 │       -51.96 │  14 days, 0:34:00 │    0     0     7     0 │
│                                      TOTAL │   441 │         0.56 │      -59146.011 │       -59.15 │  2 days, 19:58:00 │  401     0    40  90.9 │
└────────────────────────────────────────────┴───────┴──────────────┴─────────────────┴──────────────┴───────────────────┴────────────────────────┘
                                                                        MIXED TAG STATS                                                                         
┏━━━━━━━━━━━┳━━━━━━━━━━━━━━━━━━━━━━━━━━━━━━━━━━━━━━━━━━━━┳━━━━━━━━┳━━━━━━━━━━━━━━┳━━━━━━━━━━━━━━━━━┳━━━━━━━━━━━━━━┳━━━━━━━━━━━━━━━━━━━┳━━━━━━━━━━━━━━━━━━━━━━━━┓
┃ Enter Tag ┃                                Exit Reason ┃ Trades ┃ Avg Profit % ┃ Tot Profit USDT ┃ Tot Profit % ┃      Avg Duration ┃  Win  Draw  Loss  Win% ┃
┡━━━━━━━━━━━╇━━━━━━━━━━━━━━━━━━━━━━━━━━━━━━━━━━━━━━━━━━━━╇━━━━━━━━╇━━━━━━━━━━━━━━╇━━━━━━━━━━━━━━━━━╇━━━━━━━━━━━━━━╇━━━━━━━━━━━━━━━━━━━╇━━━━━━━━━━━━━━━━━━━━━━━━┩
│       665 │    exit_profit_short_scalp_t_0_1_m ( 665 ) │     89 │         1.28 │       12210.979 │        12.21 │          19:02:00 │   89     0     0   100 │
│       665 │    exit_profit_short_scalp_t_2_1_m ( 665 ) │     14 │         6.78 │       11239.057 │        11.24 │   1 day, 12:29:00 │   14     0     0   100 │
│       166 │     exit_profit_long_scalp_t_0_1_m ( 166 ) │     65 │         1.26 │       10020.437 │        10.02 │   1 day, 18:20:00 │   65     0     0   100 │
│       665 │             exit_short_scalp_2_1_1 ( 665 ) │      5 │        13.94 │        9231.503 │         9.23 │   2 days, 8:24:00 │    5     0     0   100 │
│       665 │    exit_profit_short_scalp_t_1_1_m ( 665 ) │     19 │         4.16 │        8960.868 │         8.96 │           9:31:00 │   19     0     0   100 │
│       664 │    exit_profit_short_scalp_t_0_1_m ( 664 ) │     49 │         1.51 │        8285.051 │         8.29 │    1 day, 4:37:00 │   49     0     0   100 │
│       665 │             exit_short_scalp_1_1_1 ( 665 ) │      9 │         6.29 │        5773.967 │         5.77 │  3 days, 17:13:00 │    9     0     0   100 │
│       665 │    exit_profit_short_scalp_t_3_1_m ( 665 ) │      5 │         9.77 │        5568.111 │         5.57 │           9:42:00 │    5     0     0   100 │
│       665 │    exit_profit_short_scalp_t_4_1_m ( 665 ) │      4 │        11.34 │        5464.045 │         5.46 │           5:36:00 │    4     0     0   100 │
│       166 │     exit_profit_long_scalp_t_1_1_m ( 166 ) │     10 │         3.91 │        4967.944 │         4.97 │  2 days, 19:38:00 │   10     0     0   100 │
│       664 │             exit_short_scalp_1_1_1 ( 664 ) │      5 │         7.43 │        4700.813 │          4.7 │          18:40:00 │    5     0     0   100 │
│       664 │    exit_profit_short_scalp_t_2_1_m ( 664 ) │      6 │         7.05 │        4556.007 │         4.56 │  2 days, 21:52:00 │    6     0     0   100 │
│       664 │             exit_short_scalp_2_1_1 ( 664 ) │      5 │         5.11 │        4507.524 │         4.51 │   9 days, 0:37:00 │    5     0     0   100 │
│       665 │             exit_short_scalp_d_8_1 ( 665 ) │      1 │        24.63 │        3769.256 │         3.77 │           1:15:00 │    1     0     0   100 │
│       664 │    exit_profit_short_scalp_t_1_1_m ( 664 ) │      9 │         3.92 │        3761.852 │         3.76 │    1 day, 0:42:00 │    9     0     0   100 │
│       665 │             exit_short_scalp_d_7_1 ( 665 ) │      1 │        23.81 │        3619.152 │         3.62 │           2:35:00 │    1     0     0   100 │
│       169 │     exit_profit_long_scalp_t_2_1_m ( 169 ) │      3 │         7.38 │        3489.830 │         3.49 │           7:37:00 │    3     0     0   100 │
│       166 │              exit_long_scalp_w_4_1 ( 166 ) │      2 │         12.7 │        3282.667 │         3.28 │   2 days, 5:42:00 │    2     0     0   100 │
│       169 │     exit_profit_long_scalp_t_0_1_m ( 169 ) │     18 │         1.41 │        3264.774 │         3.26 │   1 day, 16:56:00 │   18     0     0   100 │
│       166 │     exit_profit_long_scalp_t_2_1_m ( 166 ) │      3 │         7.56 │        3139.675 │         3.14 │    1 day, 8:45:00 │    3     0     0   100 │
│       665 │             exit_short_scalp_w_5_1 ( 665 ) │      2 │        16.37 │        3127.397 │         3.13 │           3:45:00 │    2     0     0   100 │
│       169 │     exit_profit_long_scalp_t_1_1_m ( 169 ) │      6 │         3.91 │        3077.650 │         3.08 │    1 day, 3:33:00 │    6     0     0   100 │
│       166 │              exit_long_scalp_1_1_1 ( 166 ) │      3 │         7.83 │        2970.435 │         2.97 │  2 days, 21:27:00 │    3     0     0   100 │
│       665 │             exit_short_scalp_d_6_1 ( 665 ) │      1 │        19.23 │        2697.276 │          2.7 │           2:40:00 │    1     0     0   100 │
│       665 │             exit_short_scalp_w_1_1 ( 665 ) │      6 │          4.4 │        2647.688 │         2.65 │           8:45:00 │    6     0     0   100 │
│       166 │              exit_long_scalp_d_6_1 ( 166 ) │      1 │        20.44 │        2515.819 │         2.52 │           6:10:00 │    1     0     0   100 │
│       665 │             exit_short_scalp_3_1_1 ( 665 ) │      2 │        10.09 │        2229.046 │         2.23 │  2 days, 10:50:00 │    2     0     0   100 │
│   166 169 │ exit_profit_long_scalp_t_6_1_m ( 166 169 ) │      1 │        15.35 │        2207.251 │         2.21 │   1 day, 13:10:00 │    1     0     0   100 │
│       166 │     exit_profit_long_scalp_t_5_1_m ( 166 ) │      1 │        15.01 │        1960.570 │         1.96 │           4:00:00 │    1     0     0   100 │
│       664 │    exit_profit_short_scalp_t_3_1_m ( 664 ) │      2 │         8.39 │        1864.249 │         1.86 │          22:30:00 │    2     0     0   100 │
│       169 │              exit_long_scalp_1_1_1 ( 169 ) │      3 │         5.84 │        1814.179 │         1.81 │           8:23:00 │    3     0     0   100 │
│       171 │     exit_profit_long_scalp_t_0_1_m ( 171 ) │     10 │         1.41 │        1554.963 │         1.55 │          22:04:00 │   10     0     0   100 │
│       169 │     exit_profit_long_scalp_t_5_1_m ( 169 ) │      1 │        16.89 │        1490.855 │         1.49 │           2:15:00 │    1     0     0   100 │
│       169 │              exit_long_scalp_w_2_1 ( 169 ) │      2 │          6.6 │        1457.306 │         1.46 │    1 day, 4:38:00 │    2     0     0   100 │
│       169 │              exit_long_scalp_w_0_1 ( 169 ) │      6 │         1.36 │        1437.473 │         1.44 │  2 days, 19:23:00 │    6     0     0   100 │
│       166 │              exit_long_scalp_2_1_1 ( 166 ) │      2 │         5.93 │        1404.770 │          1.4 │  10 days, 7:22:00 │    2     0     0   100 │
│       169 │              exit_long_scalp_w_3_1 ( 169 ) │      1 │        11.71 │        1230.424 │         1.23 │           2:20:00 │    1     0     0   100 │
│       166 │              exit_long_scalp_w_2_1 ( 166 ) │      1 │         7.25 │        1112.464 │         1.11 │           6:55:00 │    1     0     0   100 │
│       664 │             exit_short_scalp_3_1_1 ( 664 ) │      3 │         4.44 │        1067.550 │         1.07 │   1 day, 11:58:00 │    3     0     0   100 │
│       665 │             exit_short_scalp_w_0_1 ( 665 ) │      4 │         1.52 │        1024.596 │         1.02 │  5 days, 16:45:00 │    4     0     0   100 │
│       166 │              exit_long_scalp_3_1_1 ( 166 ) │      2 │         4.38 │        1000.007 │          1.0 │   1 day, 15:45:00 │    2     0     0   100 │
│       166 │              exit_long_scalp_w_1_1 ( 166 ) │      2 │         3.58 │         948.467 │         0.95 │          19:38:00 │    2     0     0   100 │
│       171 │                exit_long_scalp_o_3 ( 171 ) │      1 │        11.15 │         947.832 │         0.95 │          21:50:00 │    1     0     0   100 │
│       169 │              exit_long_scalp_w_1_1 ( 169 ) │      2 │         3.85 │         935.085 │         0.94 │          11:20:00 │    2     0     0   100 │
│       171 │     exit_profit_long_scalp_t_2_1_m ( 171 ) │      1 │         6.07 │         919.291 │         0.92 │           3:45:00 │    1     0     0   100 │
│       665 │             exit_short_scalp_w_2_1 ( 665 ) │      1 │         6.84 │         801.923 │          0.8 │          10:50:00 │    1     0     0   100 │
│       171 │              exit_long_scalp_2_1_1 ( 171 ) │      1 │         4.03 │         738.877 │         0.74 │          21:40:00 │    1     0     0   100 │
│       664 │             exit_short_scalp_w_2_1 ( 664 ) │      1 │         6.76 │         670.554 │         0.67 │           9:25:00 │    1     0     0   100 │
│       166 │              exit_long_scalp_w_0_1 ( 166 ) │      3 │         1.53 │         665.745 │         0.67 │           2:23:00 │    3     0     0   100 │
│       171 │              exit_long_scalp_d_1_1 ( 171 ) │      1 │         5.31 │         486.081 │         0.49 │           1:35:00 │    1     0     0   100 │
│       664 │             exit_short_scalp_w_0_1 ( 664 ) │      2 │          1.2 │         408.253 │         0.41 │          10:30:00 │    2     0     0   100 │
│       171 │              exit_long_scalp_d_0_1 ( 171 ) │      1 │         2.31 │         397.690 │          0.4 │           0:05:00 │    1     0     0   100 │
│       664 │             exit_short_scalp_w_1_1 ( 664 ) │      1 │         4.37 │         396.572 │          0.4 │           1:10:00 │    1     0     0   100 │
│       171 │     exit_profit_long_scalp_t_1_1_m ( 171 ) │      1 │         3.61 │         329.445 │         0.33 │           5:00:00 │    1     0     0   100 │
│       664 │             exit_short_scalp_d_0_1 ( 664 ) │      1 │         2.54 │         206.613 │         0.21 │   3 days, 3:20:00 │    1     0     0   100 │
│       665 │                                 force_exit │      3 │         -8.1 │       -1840.477 │        -1.84 │   4 days, 5:07:00 │    0     0     3     0 │
│       166 │         exit_bad_trade_abandon_23d ( 166 ) │      1 │       -29.72 │       -2654.521 │        -2.65 │ 22 days, 12:50:00 │    0     0     1     0 │
│       664 │                                 force_exit │      3 │       -13.08 │       -3337.569 │        -3.34 │  5 days, 14:43:00 │    0     0     3     0 │
│       664 │         exit_bad_trade_abandon_21d ( 664 ) │      1 │       -23.76 │       -4209.174 │        -4.21 │ 20 days, 19:05:00 │    0     0     1     0 │
│       171 │         exit_bad_trade_abandon_33d ( 171 ) │      1 │       -14.86 │       -4217.208 │        -4.22 │ 32 days, 15:55:00 │    0     0     1     0 │
│       169 │         exit_bad_trade_abandon_28d ( 169 ) │      1 │       -29.98 │       -4505.802 │        -4.51 │  28 days, 8:40:00 │    0     0     1     0 │
│       171 │         exit_bad_trade_abandon_14d ( 171 ) │      1 │       -47.48 │       -4639.778 │        -4.64 │  14 days, 0:00:00 │    0     0     1     0 │
│       171 │         exit_bad_trade_abandon_15d ( 171 ) │      1 │       -32.94 │       -5146.654 │        -5.15 │  15 days, 6:15:00 │    0     0     1     0 │
│       171 │         exit_bad_trade_abandon_19d ( 171 ) │      1 │       -20.31 │       -6090.914 │        -6.09 │ 18 days, 23:55:00 │    0     0     1     0 │
│       169 │         exit_bad_trade_abandon_14d ( 169 ) │      1 │       -26.63 │       -6132.412 │        -6.13 │  14 days, 0:00:00 │    0     0     1     0 │
│       664 │         exit_bad_trade_abandon_18d ( 664 ) │      1 │       -31.28 │       -6999.655 │         -7.0 │ 17 days, 20:40:00 │    0     0     1     0 │
│       664 │         exit_bad_trade_abandon_64d ( 664 ) │      1 │       -13.09 │       -7893.014 │        -7.89 │ 63 days, 22:45:00 │    0     0     1     0 │
│       166 │        exit_bad_trade_broken_25pct ( 166 ) │      1 │        -53.4 │       -9533.877 │        -9.53 │  6 days, 16:30:00 │    0     0     1     0 │
│       166 │        exit_bad_trade_broken_51pct ( 166 ) │      1 │        -45.0 │       -9673.584 │        -9.67 │ 17 days, 13:35:00 │    0     0     1     0 │
│       166 │         exit_bad_trade_abandon_15d ( 166 ) │      2 │       -26.91 │      -11758.420 │       -11.76 │ 14 days, 14:42:00 │    0     0     2     0 │
│       665 │         exit_bad_trade_abandon_65d ( 665 ) │      1 │       -10.57 │      -12624.139 │       -12.62 │ 64 days, 15:00:00 │    0     0     1     0 │
│       665 │         exit_bad_trade_abandon_14d ( 665 ) │      3 │       -28.23 │      -17192.871 │       -17.19 │  14 days, 1:22:00 │    0     0     3     0 │
│       665 │         exit_bad_trade_abandon_15d ( 665 ) │      3 │       -24.59 │      -18430.899 │       -18.43 │  15 days, 3:08:00 │    0     0     3     0 │
│       166 │         exit_bad_trade_abandon_14d ( 166 ) │      6 │       -39.41 │      -38858.843 │       -38.86 │  14 days, 0:00:00 │    0     0     6     0 │
│       664 │         exit_bad_trade_abandon_14d ( 664 ) │      7 │       -38.13 │      -51964.101 │       -51.96 │  14 days, 0:34:00 │    0     0     7     0 │
│     TOTAL │                                            │    441 │         0.56 │      -59146.011 │       -59.15 │  2 days, 19:58:00 │  401     0    40  90.9 │
└───────────┴────────────────────────────────────────────┴────────┴──────────────┴─────────────────┴──────────────┴───────────────────┴────────────────────────┘
                                   SUMMARY METRICS                                    
┏━━━━━━━━━━━━━━━━━━━━━━━━━━━━━━━━━━━━━━━━┳━━━━━━━━━━━━━━━━━━━━━━━━━━━━━━━━━━━━━━━━━━━┓
┃ Metric                                 ┃ Value                                     ┃
┡━━━━━━━━━━━━━━━━━━━━━━━━━━━━━━━━━━━━━━━━╇━━━━━━━━━━━━━━━━━━━━━━━━━━━━━━━━━━━━━━━━━━━┩
│ Backtesting from                       │ 2026-01-01 00:00:00                       │
│ Backtesting to                         │ 2026-08-06 00:00:00                       │
│ Trading Mode                           │ Isolated Futures                          │
│ Max open trades                        │ 6                                         │
│                                        │                                           │
│ Total/Daily Avg Trades                 │ 441 / 2.03                                │
│ Starting balance                       │ 100000 USDT                               │
│ Final balance                          │ 40853.989 USDT                            │
│ Absolute profit                        │ -59146.011 USDT                           │
│ Total profit %                         │ -59.15%                                   │
│ CAGR %                                 │ -77.81%                                   │
│ Sharpe (closed trades)                 │ -2.55                                     │
│ Sortino (closed trades)                │ -1.74                                     │
│ Calmar (closed trades)                 │ -7.83                                     │
│ SQN                                    │ -1.38                                     │
│ Mean profit p-value                    │ 0.1695                                    │
│ Profit factor                          │ 0.74                                      │
│ Expectancy (Ratio)                     │ -134.12 (-0.02)                           │
│ Avg. daily profit                      │ -272.562 USDT                             │
│ Avg. stake amount                      │ 11185.416 USDT                            │
│ Market change                          │ -35.01%                                   │
│ Total trade volume                     │ 34222092.696 USDT                         │
│                                        │                                           │
│ Long / Short trades                    │ 171 / 270                                 │
│ Long / Short profit %                  │ -43.44% / -15.70%                         │
│ Long / Short profit USDT               │ -43444.011 / -15702.000                   │
│                                        │                                           │
│ Best Pair                              │ AAVE/USDT:USDT 18.53%                     │
│ Worst Pair                             │ DOT/USDT:USDT -22.98%                     │
│ Best trade                             │ SOL/USDT:USDT 42.12%                      │
│ Worst trade                            │ INJ/USDT:USDT -53.40%                     │
│ Best day                               │ 16826.112 USDT                            │
│ Worst day                              │ -40623.179 USDT                           │
│ Days win/draw/lose                     │ 99 / 79 / 26                              │
│ Min/Max/Avg. Duration Winners          │ 0d 00:05 / 35d 20:10 / 1d 10:54           │
│ Min/Max/Avg. Duration Losers           │ 4d 00:15 / 64d 15:00 / 16d 15:26          │
│ Max Consecutive Wins / Loss            │ 67 / 6                                    │
│ Rejected Entry signals                 │ 3405                                      │
│ Entry/Exit Timeouts                    │ 0 / 0                                     │
│                                        │                                           │
│ Min/Max balance (closed trades)        │ 40853.989 USDT / 121911.627 USDT          │
│ Max % of account underwater            │ 66.49%                                    │
│ Absolute drawdown                      │ 81057.638 USDT (66.49%)                   │
│ Drawdown duration                      │ 166 days 19:40:00                         │
│ Profit at drawdown start               │ 21911.627 USDT                            │
│ Profit at drawdown end                 │ -59146.011 USDT                           │
│ Drawdown start                         │ 2026-02-20 04:20:00                       │
│ Drawdown end                           │ 2026-08-06 00:00:00                       │
│                                        │                                           │
│ Wallet based Metrics                   │                                           │
│ Min/Max balance (wallet balance)       │ 42398.797 USDT / 116516.8 USDT            │
│ Min/Max balance dates (wallet balance) │ 2026-07-11 00:05:00 / 2026-02-19 16:00:00 │
│ Max % of account underwater (balance)  │ 63.61%                                    │
│ Absolute drawdown (wallet balance)     │ 74118.003 USDT (63.61%)                   │
│ Drawdown duration                      │ 141 days 08:05:00                         │
│ Profit at drawdown start               │ 16516.8 USDT                              │
│ Profit at drawdown end                 │ -57601.203 USDT                           │
│ Drawdown start                         │ 2026-02-19 16:00:00                       │
│ Drawdown end                           │ 2026-07-11 00:05:00                       │
│ Sharpe (daily wallet balance)          │ -1.17                                     │
│ Sortino (daily wallet balance)         │ -1.08                                     │
│ Calmar (daily wallet balance)          │ -7.58                                     │
└────────────────────────────────────────┴───────────────────────────────────────────┘

Backtested 2026-01-01 00:00:00 -> 2026-08-06 00:00:00 | Max open trades : 6
                                                                    STRATEGY SUMMARY                                                                    
┏━━━━━━━━━━━━━━━━━━━━━━━━┳━━━━━━━━┳━━━━━━━━━━━━━━┳━━━━━━━━━━━━━━━━━┳━━━━━━━━━━━━━━┳━━━━━━━━━━━━━━━━━━┳━━━━━━━━━━━━━━━━━━━━━━━━┳━━━━━━━━━━━━━━━━━━━━━━━━┓
┃               Strategy ┃ Trades ┃ Avg Profit % ┃ Tot Profit USDT ┃ Tot Profit % ┃     Avg Duration ┃  Win  Draw  Loss  Win% ┃               Drawdown ┃
┡━━━━━━━━━━━━━━━━━━━━━━━━╇━━━━━━━━╇━━━━━━━━━━━━━━╇━━━━━━━━━━━━━━━━━╇━━━━━━━━━━━━━━╇━━━━━━━━━━━━━━━━━━╇━━━━━━━━━━━━━━━━━━━━━━━━╇━━━━━━━━━━━━━━━━━━━━━━━━┩
│ NostalgiaForInfinityX8 │    441 │         0.56 │      -59146.011 │       -59.15 │ 2 days, 19:58:00 │  401     0    40  90.9 │ 81057.638 USDT  66.49% │
└────────────────────────┴────────┴──────────────┴─────────────────┴──────────────┴──────────────────┴────────────────────────┴────────────────────────┘
